Sensor,Pressao,Wavelet,Status_IA
ESP_01,5.696853,-0.4927,ALERTA: Instabilidade de Fluxo
ESP_05,0.0,3.5355,CRITICO: Queda de Press\u00e3o
ESP_04,0.0,3.5355,CRITICO: Queda de Press\u00e3o
ESP_01,5.744673,-0.5266,ALERTA: Instabilidade de Fluxo
ESP_05,0.0,3.5355,CRITICO: Queda de Press\u00e3o
ESP_04,0.0,3.5355,CRITICO: Queda de Press\u00e3o
ESP_01,5.735522,-0.5201,ALERTA: Instabilidade de Fluxo
ESP_05,0.0,3.5355,CRITICO: Queda de Press\u00e3o
ESP_04,0.0,3.5355,CRITICO: Queda de Press\u00e3o
ESP_01,5.725682,-0.5131,ALERTA: Instabilidade de Fluxo
ESP_05,0.0,3.5355,CRITICO: Queda de Press\u00e3o
ESP_04,0.0,3.5355,CRITICO: Queda de Press\u00e3o
ESP_01,5.716827,-0.5069,ALERTA: Instabilidade de Fluxo
ESP_05,0.0,3.5355,CRITICO: Queda de Press\u00e3o
ESP_04,0.0,3.5355,CRITICO: Queda de Press\u00e3o
ESP_01,5.707677,-0.5004,ALERTA: Instabilidade de Fluxo
ESP_05,0.0,3.5355,CRITICO: Queda de Press\u00e3o
ESP_04,0.0,3.5355,CRITICO: Queda de Press\u00e3o
ESP_01,5.701674,-0.4962,ALERTA: Instabilidade de Fluxo
ESP_05,0.0,3.5355,CRITICO: Queda de Press\u00e3o
ESP_04,0.0,3.5355,CRITICO: Queda de Press\u00e3o
ESP_01,5.745756,-0.5273,ALERTA: Instabilidade de Fluxo
ESP_05,0.0,3.5355,CRITICO: Queda de Press\u00e3o
ESP_04,0.0,3.5355,CRITICO: Queda de Press\u00e3o
ESP_01,5.738868,-0.5225,ALERTA: Instabilidade de Fluxo
ESP_05,0.0,3.5355,CRITICO: Queda de Press\u00e3o
ESP_04,0.0,3.5355,CRITICO: Queda de Press\u00e3o
ESP_01,5.729422,-0.5158,ALERTA: Instabilidade de Fluxo
ESP_05,0.0,3.5355,CRITICO: Queda de Press\u00e3o
ESP_04,0.0,3.5355,CRITICO: Queda de Press\u00e3o
ESP_01,5.71909,-0.5085,ALERTA: Instabilidade de Fluxo
ESP_05,0.0,3.5355,CRITICO: Queda de Press\u00e3o
ESP_04,0.0,3.5355,CRITICO: Queda de Press\u00e3o
ESP_01,5.709939,-0.502,ALERTA: Instabilidade de Fluxo
ESP_05,0.0,3.5355,CRITICO: Queda de Press\u00e3o
ESP_04,0.0,3.5355,CRITICO: Queda de Press\u00e3o
ESP_01,5.699707,-0.4948,ALERTA: Instabilidade de Fluxo
ESP_05,0.0,3.5355,CRITICO: Queda de Press\u00e3o
ESP_04,0.0,3.5355,CRITICO: Queda de Press\u00e3o
ESP_01,5.749002,-0.5296,ALERTA: Instabilidade de Fluxo
ESP_05,0.0,3.5355,CRITICO: Queda de Press\u00e3o
ESP_04,0.0,3.5355,CRITICO: Queda de Press\u00e3o
ESP_01,5.740147,-0.5234,ALERTA: Instabilidade de Fluxo
ESP_05,0.0,3.5355,CRITICO: Queda de Press\u00e3o
ESP_04,0.0,3.5355,CRITICO: Queda de Press\u00e3o
ESP_01,5.728438,-0.5151,ALERTA: Instabilidade de Fluxo
ESP_05,0.0,3.5355,CRITICO: Queda de Press\u00e3o
ESP_04,0.0,3.5355,CRITICO: Queda de Press\u00e3o
ESP_01,5.720172,-0.5092,ALERTA: Instabilidade de Fluxo
ESP_05,0.0,3.5355,CRITICO: Queda de Press\u00e3o
ESP_04,0.0,3.5355,CRITICO: Queda de Press\u00e3o
ESP_01,5.710727,-0.5026,ALERTA: Instabilidade de Fluxo
ESP_05,0.0,3.5355,CRITICO: Queda de Press\u00e3o
ESP_04,0.0,3.5355,CRITICO: Queda de Press\u00e3o
ESP_01,5.702953,-0.4971,ALERTA: Instabilidade de Fluxo
ESP_05,0.0,3.5355,CRITICO: Queda de Press\u00e3o
ESP_04,0.0,3.5355,CRITICO: Queda de Press\u00e3o
ESP_01,5.749297,-0.5298,ALERTA: Instabilidade de Fluxo
ESP_05,0.0,3.5355,CRITICO: Queda de Press\u00e3o
ESP_04,0.0,3.5355,CRITICO: Queda de Press\u00e3o
ESP_01,5.745558,-0.5272,ALERTA: Instabilidade de Fluxo
ESP_05,0.0,3.5355,CRITICO: Queda de Press\u00e3o
ESP_04,0.0,3.5355,CRITICO: Queda de Press\u00e3o
ESP_01,5.7308,-0.5168,ALERTA: Instabilidade de Fluxo
ESP_05,0.0,3.5355,CRITICO: Queda de Press\u00e3o
ESP_04,0.0,3.5355,CRITICO: Queda de Press\u00e3o
ESP_01,5.723321,-0.5115,ALERTA: Instabilidade de Fluxo
ESP_05,0.0,3.5355,CRITICO: Queda de Press\u00e3o
ESP_04,0.0,3.5355,CRITICO: Queda de Press\u00e3o
ESP_01,5.709054,-0.5014,ALERTA: Instabilidade de Fluxo
ESP_05,0.0,3.5355,CRITICO: Queda de Press\u00e3o
ESP_04,0.0,3.5355,CRITICO: Queda de Press\u00e3o
ESP_01,5.702461,-0.4967,ALERTA: Instabilidade de Fluxo
ESP_05,0.0,3.5355,CRITICO: Queda de Press\u00e3o
ESP_04,0.0,3.5355,CRITICO: Queda de Press\u00e3o
ESP_01,5.75284,-0.5323,ALERTA: Instabilidade de Fluxo
ESP_05,0.0,3.5355,CRITICO: Queda de Press\u00e3o
ESP_04,0.0,3.5355,CRITICO: Queda de Press\u00e3o
ESP_01,5.744476,-0.5264,ALERTA: Instabilidade de Fluxo
ESP_05,0.0,3.5355,CRITICO: Queda de Press\u00e3o
ESP_04,0.0,3.5355,CRITICO: Queda de Press\u00e3o
ESP_01,5.733259,-0.5185,ALERTA: Instabilidade de Fluxo
ESP_05,0.0,3.5355,CRITICO: Queda de Press\u00e3o
ESP_04,0.0,3.5355,CRITICO: Queda de Press\u00e3o
ESP_01,5.722239,-0.5107,ALERTA: Instabilidade de Fluxo
ESP_05,0.0,3.5355,CRITICO: Queda de Press\u00e3o
ESP_04,0.0,3.5355,CRITICO: Queda de Press\u00e3o
ESP_01,5.713285,-0.5044,ALERTA: Instabilidade de Fluxo
ESP_05,0.0,3.5355,CRITICO: Queda de Press\u00e3o
ESP_04,0.0,3.5355,CRITICO: Queda de Press\u00e3o
ESP_01,5.703544,-0.4975,ALERTA: Instabilidade de Fluxo
ESP_05,0.0,3.5355,CRITICO: Queda de Press\u00e3o
ESP_04,0.0,3.5355,CRITICO: Queda de Press\u00e3o
ESP_01,5.699411,-0.4946,ALERTA: Instabilidade de Fluxo
ESP_05,0.0,3.5355,CRITICO: Queda de Press\u00e3o
ESP_04,0.0,3.5355,CRITICO: Queda de Press\u00e3o
ESP_01,5.745067,-0.5268,ALERTA: Instabilidade de Fluxo
ESP_05,0.0,3.5355,CRITICO: Queda de Press\u00e3o
ESP_04,0.0,3.5355,CRITICO: Queda de Press\u00e3o
ESP_01,5.733849,-0.5189,ALERTA: Instabilidade de Fluxo
ESP_05,0.0,3.5355,CRITICO: Queda de Press\u00e3o
ESP_04,0.0,3.5355,CRITICO: Queda de Press\u00e3o
ESP_01,5.726371,-0.5136,ALERTA: Instabilidade de Fluxo
ESP_05,0.0,3.5355,CRITICO: Queda de Press\u00e3o
ESP_04,0.0,3.5355,CRITICO: Queda de Press\u00e3o
ESP_01,5.713973,-0.5049,ALERTA: Instabilidade de Fluxo
ESP_05,0.0,3.5355,CRITICO: Queda de Press\u00e3o
ESP_04,0.0,3.5355,CRITICO: Queda de Press\u00e3o
ESP_01,5.70561,-0.4989,ALERTA: Instabilidade de Fluxo
ESP_05,0.0,3.5355,CRITICO: Queda de Press\u00e3o
ESP_04,0.0,3.5355,CRITICO: Queda de Press\u00e3o
ESP_01,5.701478,-0.496,ALERTA: Instabilidade de Fluxo
ESP_05,0.0,3.5355,CRITICO: Queda de Press\u00e3o
ESP_04,0.0,3.5355,CRITICO: Queda de Press\u00e3o
ESP_01,5.743886,-0.526,ALERTA: Instabilidade de Fluxo
ESP_05,0.0,3.5355,CRITICO: Queda de Press\u00e3o
ESP_04,0.0,3.5355,CRITICO: Queda de Press\u00e3o
ESP_01,5.737884,-0.5218,ALERTA: Instabilidade de Fluxo
ESP_05,0.0,3.5355,CRITICO: Queda de Press\u00e3o
ESP_04,0.0,3.5355,CRITICO: Queda de Press\u00e3o
ESP_01,5.727848,-0.5147,ALERTA: Instabilidade de Fluxo
ESP_05,0.0,3.5355,CRITICO: Queda de Press\u00e3o
ESP_04,0.0,3.5355,CRITICO: Queda de Press\u00e3o
ESP_01,5.720665,-0.5096,ALERTA: Instabilidade de Fluxo
ESP_05,0.0,3.5355,CRITICO: Queda de Press\u00e3o
ESP_04,0.0,3.5355,CRITICO: Queda de Press\u00e3o
ESP_01,5.710333,-0.5023,ALERTA: Instabilidade de Fluxo
ESP_05,0.0,3.5355,CRITICO: Queda de Press\u00e3o
ESP_04,0.0,3.5355,CRITICO: Queda de Press\u00e3o
ESP_01,5.70069,-0.4955,ALERTA: Instabilidade de Fluxo
ESP_05,0.0,3.5355,CRITICO: Queda de Press\u00e3o
ESP_04,0.0,3.5355,CRITICO: Queda de Press\u00e3o
ESP_01,5.749396,-0.5299,ALERTA: Instabilidade de Fluxo
ESP_05,0.0,3.5355,CRITICO: Queda de Press\u00e3o
ESP_04,0.0,3.5355,CRITICO: Queda de Press\u00e3o
ESP_01,5.739754,-0.5231,ALERTA: Instabilidade de Fluxo
ESP_05,0.0,3.5355,CRITICO: Queda de Press\u00e3o
ESP_04,0.0,3.5355,CRITICO: Queda de Press\u00e3o
ESP_01,5.729127,-0.5156,ALERTA: Instabilidade de Fluxo
ESP_05,0.0,3.5355,CRITICO: Queda de Press\u00e3o
ESP_04,0.0,3.5355,CRITICO: Queda de Press\u00e3o
ESP_01,5.720567,-0.5095,ALERTA: Instabilidade de Fluxo
ESP_05,0.0,3.5355,CRITICO: Queda de Press\u00e3o
ESP_04,0.0,3.5355,CRITICO: Queda de Press\u00e3o
ESP_01,5.707677,-0.5004,ALERTA: Instabilidade de Fluxo
ESP_05,0.0,3.5355,CRITICO: Queda de Press\u00e3o
ESP_04,0.0,3.5355,CRITICO: Queda de Press\u00e3o
ESP_01,5.699313,-0.4945,ALERTA: Instabilidade de Fluxo
ESP_05,0.0,3.5355,CRITICO: Queda de Press\u00e3o
ESP_04,0.0,3.5355,CRITICO: Queda de Press\u00e3o
ESP_01,5.749199,-0.5298,ALERTA: Instabilidade de Fluxo
ESP_05,0.0,3.5355,CRITICO: Queda de Press\u00e3o
ESP_04,0.0,3.5355,CRITICO: Queda de Press\u00e3o
ESP_01,5.739655,-0.523,ALERTA: Instabilidade de Fluxo
ESP_05,0.0,3.5355,CRITICO: Queda de Press\u00e3o
ESP_04,0.0,3.5355,CRITICO: Queda de Press\u00e3o
ESP_01,5.728536,-0.5152,ALERTA: Instabilidade de Fluxo
ESP_05,0.0,3.5355,CRITICO: Queda de Press\u00e3o
ESP_04,0.0,3.5355,CRITICO: Queda de Press\u00e3o
ESP_01,5.720763,-0.5097,ALERTA: Instabilidade de Fluxo
ESP_05,0.0,3.5355,CRITICO: Queda de Press\u00e3o
ESP_04,0.0,3.5355,CRITICO: Queda de Press\u00e3o
ESP_01,5.711318,-0.503,ALERTA: Instabilidade de Fluxo
ESP_05,0.0,3.5355,CRITICO: Queda de Press\u00e3o
ESP_04,0.0,3.5355,CRITICO: Queda de Press\u00e3o
ESP_01,5.700593,-0.4954,ALERTA: Instabilidade de Fluxo
ESP_05,0.0,3.5355,CRITICO: Queda de Press\u00e3o
ESP_04,0.0,3.5355,CRITICO: Queda de Press\u00e3o
ESP_01,5.751167,-0.5312,ALERTA: Instabilidade de Fluxo
ESP_05,0.0,3.5355,CRITICO: Queda de Press\u00e3o
ESP_04,0.0,3.5355,CRITICO: Queda de Press\u00e3o
ESP_01,5.740541,-0.5236,ALERTA: Instabilidade de Fluxo
ESP_05,0.0,3.5355,CRITICO: Queda de Press\u00e3o
ESP_04,0.0,3.5355,CRITICO: Queda de Press\u00e3o
ESP_01,5.73316,-0.5184,ALERTA: Instabilidade de Fluxo
ESP_05,0.0,3.5355,CRITICO: Queda de Press\u00e3o
ESP_04,0.0,3.5355,CRITICO: Queda de Press\u00e3o
ESP_01,5.724995,-0.5126,ALERTA: Instabilidade de Fluxo
ESP_05,0.0,3.5355,CRITICO: Queda de Press\u00e3o
ESP_04,0.0,3.5355,CRITICO: Queda de Press\u00e3o
ESP_01,5.713187,-0.5043,ALERTA: Instabilidade de Fluxo
ESP_05,0.0,3.5355,CRITICO: Queda de Press\u00e3o
ESP_04,0.0,3.5355,CRITICO: Queda de Press\u00e3o
ESP_01,5.703151,-0.4972,ALERTA: Instabilidade de Fluxo
ESP_05,0.0,3.5355,CRITICO: Queda de Press\u00e3o
ESP_04,0.0,3.5355,CRITICO: Queda de Press\u00e3o
ESP_01,5.75343,-0.5328,ALERTA: Instabilidade de Fluxo
ESP_05,0.0,3.5355,CRITICO: Queda de Press\u00e3o
ESP_04,0.0,3.5355,CRITICO: Queda de Press\u00e3o
ESP_01,5.743,-0.5254,ALERTA: Instabilidade de Fluxo
ESP_05,0.0,3.5355,CRITICO: Queda de Press\u00e3o
ESP_04,0.0,3.5355,CRITICO: Queda de Press\u00e3o
ESP_01,5.732374,-0.5179,ALERTA: Instabilidade de Fluxo
ESP_05,0.0,3.5355,CRITICO: Queda de Press\u00e3o
ESP_04,0.0,3.5355,CRITICO: Queda de Press\u00e3o
ESP_01,5.723617,-0.5117,ALERTA: Instabilidade de Fluxo
ESP_05,0.0,3.5355,CRITICO: Queda de Press\u00e3o
ESP_04,0.0,3.5355,CRITICO: Queda de Press\u00e3o
ESP_01,5.717122,-0.5071,ALERTA: Instabilidade de Fluxo
ESP_05,0.0,3.5355,CRITICO: Queda de Press\u00e3o
ESP_04,0.0,3.5355,CRITICO: Queda de Press\u00e3o
ESP_01,5.702167,-0.4965,ALERTA: Instabilidade de Fluxo
ESP_05,0.0,3.5355,CRITICO: Queda de Press\u00e3o
ESP_04,0.0,3.5355,CRITICO: Queda de Press\u00e3o
ESP_01,5.754316,-0.5334,ALERTA: Instabilidade de Fluxo
ESP_05,0.0,3.5355,CRITICO: Queda de Press\u00e3o
ESP_04,0.0,3.5355,CRITICO: Queda de Press\u00e3o
ESP_01,5.743886,-0.526,ALERTA: Instabilidade de Fluxo
ESP_05,0.0,3.5355,CRITICO: Queda de Press\u00e3o
ESP_04,0.0,3.5355,CRITICO: Queda de Press\u00e3o
ESP_01,5.734243,-0.5192,ALERTA: Instabilidade de Fluxo
ESP_05,0.0,3.5355,CRITICO: Queda de Press\u00e3o
ESP_04,0.0,3.5355,CRITICO: Queda de Press\u00e3o
ESP_01,5.724798,-0.5125,ALERTA: Instabilidade de Fluxo
ESP_05,0.0,3.5355,CRITICO: Queda de Press\u00e3o
ESP_04,0.0,3.5355,CRITICO: Queda de Press\u00e3o
ESP_01,5.717319,-0.5072,ALERTA: Instabilidade de Fluxo
ESP_05,0.0,3.5355,CRITICO: Queda de Press\u00e3o
ESP_04,0.0,3.5355,CRITICO: Queda de Press\u00e3o
ESP_01,5.70374,-0.4976,ALERTA: Instabilidade de Fluxo
ESP_05,0.0,3.5355,CRITICO: Queda de Press\u00e3o
ESP_04,0.0,3.5355,CRITICO: Queda de Press\u00e3o
ESP_01,5.755201,-0.534,ALERTA: Instabilidade de Fluxo
ESP_05,0.0,3.5355,CRITICO: Queda de Press\u00e3o
ESP_04,0.0,3.5355,CRITICO: Queda de Press\u00e3o
ESP_01,5.746247,-0.5277,ALERTA: Instabilidade de Fluxo
ESP_05,0.0,3.5355,CRITICO: Queda de Press\u00e3o
ESP_04,0.0,3.5355,CRITICO: Queda de Press\u00e3o
ESP_01,5.735916,-0.5204,ALERTA: Instabilidade de Fluxo
ESP_05,0.0,3.5355,CRITICO: Queda de Press\u00e3o
ESP_04,0.0,3.5355,CRITICO: Queda de Press\u00e3o
ESP_01,5.726077,-0.5134,ALERTA: Instabilidade de Fluxo
ESP_05,0.0,3.5355,CRITICO: Queda de Press\u00e3o
ESP_04,0.0,3.5355,CRITICO: Queda de Press\u00e3o
ESP_01,5.71909,-0.5085,ALERTA: Instabilidade de Fluxo
ESP_05,0.0,3.5355,CRITICO: Queda de Press\u00e3o
ESP_04,0.0,3.5355,CRITICO: Queda de Press\u00e3o
ESP_01,5.708857,-0.5012,ALERTA: Instabilidade de Fluxo
ESP_05,0.0,3.5355,CRITICO: Queda de Press\u00e3o
ESP_04,0.0,3.5355,CRITICO: Queda de Press\u00e3o
ESP_01,5.7553,-0.5341,ALERTA: Instabilidade de Fluxo
ESP_05,0.0,3.5355,CRITICO: Queda de Press\u00e3o
ESP_04,0.0,3.5355,CRITICO: Queda de Press\u00e3o
ESP_01,5.746542,-0.5279,ALERTA: Instabilidade de Fluxo
ESP_05,0.0,3.5355,CRITICO: Queda de Press\u00e3o
ESP_04,0.0,3.5355,CRITICO: Queda de Press\u00e3o
ESP_01,5.736605,-0.5209,ALERTA: Instabilidade de Fluxo
ESP_05,0.0,3.5355,CRITICO: Queda de Press\u00e3o
ESP_04,0.0,3.5355,CRITICO: Queda de Press\u00e3o
ESP_01,5.726667,-0.5138,ALERTA: Instabilidade de Fluxo
ESP_05,0.0,3.5355,CRITICO: Queda de Press\u00e3o
ESP_04,0.0,3.5355,CRITICO: Queda de Press\u00e3o
ESP_01,5.715549,-0.506,ALERTA: Instabilidade de Fluxo
ESP_05,0.0,3.5355,CRITICO: Queda de Press\u00e3o
ESP_04,0.0,3.5355,CRITICO: Queda de Press\u00e3o
ESP_01,5.709743,-0.5019,ALERTA: Instabilidade de Fluxo
ESP_05,0.0,3.5355,CRITICO: Queda de Press\u00e3o
ESP_04,0.0,3.5355,CRITICO: Queda de Press\u00e3o
ESP_01,5.703348,-0.4973,ALERTA: Instabilidade de Fluxo
ESP_05,0.0,3.5355,CRITICO: Queda de Press\u00e3o
ESP_04,0.0,3.5355,CRITICO: Queda de Press\u00e3o
ESP_01,5.750675,-0.5308,ALERTA: Instabilidade de Fluxo
ESP_05,0.0,3.5355,CRITICO: Queda de Press\u00e3o
ESP_04,0.0,3.5355,CRITICO: Queda de Press\u00e3o
ESP_01,5.741426,-0.5243,ALERTA: Instabilidade de Fluxo
ESP_05,0.0,3.5355,CRITICO: Queda de Press\u00e3o
ESP_04,0.0,3.5355,CRITICO: Queda de Press\u00e3o
ESP_01,5.731193,-0.517,ALERTA: Instabilidade de Fluxo
ESP_05,0.0,3.5355,CRITICO: Queda de Press\u00e3o
ESP_04,0.0,3.5355,CRITICO: Queda de Press\u00e3o
ESP_01,5.721451,-0.5101,ALERTA: Instabilidade de Fluxo
ESP_05,0.0,3.5355,CRITICO: Queda de Press\u00e3o
ESP_04,0.0,3.5355,CRITICO: Queda de Press\u00e3o
ESP_01,5.711908,-0.5034,ALERTA: Instabilidade de Fluxo
ESP_05,0.0,3.5355,CRITICO: Queda de Press\u00e3o
ESP_04,0.0,3.5355,CRITICO: Queda de Press\u00e3o
ESP_01,5.70256,-0.4968,ALERTA: Instabilidade de Fluxo
ESP_05,0.0,3.5355,CRITICO: Queda de Press\u00e3o
ESP_04,0.0,3.5355,CRITICO: Queda de Press\u00e3o
ESP_01,5.749789,-0.5302,ALERTA: Instabilidade de Fluxo
ESP_05,0.0,3.5355,CRITICO: Queda de Press\u00e3o
ESP_04,0.0,3.5355,CRITICO: Queda de Press\u00e3o
ESP_01,5.740836,-0.5239,ALERTA: Instabilidade de Fluxo
ESP_05,0.0,3.5355,CRITICO: Queda de Press\u00e3o
ESP_04,0.0,3.5355,CRITICO: Queda de Press\u00e3o
ESP_01,5.731685,-0.5174,ALERTA: Instabilidade de Fluxo
ESP_05,0.0,3.5355,CRITICO: Queda de Press\u00e3o
ESP_04,0.0,3.5355,CRITICO: Queda de Press\u00e3o
ESP_01,5.723321,-0.5115,ALERTA: Instabilidade de Fluxo
ESP_05,0.0,3.5355,CRITICO: Queda de Press\u00e3o
ESP_04,0.0,3.5355,CRITICO: Queda de Press\u00e3o
ESP_01,5.714072,-0.5049,ALERTA: Instabilidade de Fluxo
ESP_05,0.0,3.5355,CRITICO: Queda de Press\u00e3o
ESP_04,0.0,3.5355,CRITICO: Queda de Press\u00e3o
ESP_01,5.703151,-0.4972,ALERTA: Instabilidade de Fluxo
ESP_05,0.0,3.5355,CRITICO: Queda de Press\u00e3o
ESP_04,0.0,3.5355,CRITICO: Queda de Press\u00e3o
ESP_01,5.753528,-0.5328,ALERTA: Instabilidade de Fluxo
ESP_05,0.0,3.5355,CRITICO: Queda de Press\u00e3o
ESP_04,0.0,3.5355,CRITICO: Queda de Press\u00e3o
ESP_01,5.741229,-0.5241,ALERTA: Instabilidade de Fluxo
ESP_05,0.0,3.5355,CRITICO: Queda de Press\u00e3o
ESP_04,0.0,3.5355,CRITICO: Queda de Press\u00e3o
ESP_01,5.73257,-0.518,ALERTA: Instabilidade de Fluxo
ESP_05,0.0,3.5355,CRITICO: Queda de Press\u00e3o
ESP_04,0.0,3.5355,CRITICO: Queda de Press\u00e3o
ESP_01,5.720665,-0.5096,ALERTA: Instabilidade de Fluxo
ESP_05,0.0,3.5355,CRITICO: Queda de Press\u00e3o
ESP_04,0.0,3.5355,CRITICO: Queda de Press\u00e3o
ESP_01,5.713973,-0.5049,ALERTA: Instabilidade de Fluxo
ESP_05,0.0,3.5355,CRITICO: Queda de Press\u00e3o
ESP_04,0.0,3.5355,CRITICO: Queda de Press\u00e3o
ESP_01,5.703938,-0.4978,ALERTA: Instabilidade de Fluxo
ESP_05,0.0,3.5355,CRITICO: Queda de Press\u00e3o
ESP_04,0.0,3.5355,CRITICO: Queda de Press\u00e3o
ESP_01,5.752741,-0.5323,ALERTA: Instabilidade de Fluxo
ESP_05,0.0,3.5355,CRITICO: Queda de Press\u00e3o
ESP_04,0.0,3.5355,CRITICO: Queda de Press\u00e3o
ESP_01,5.742508,-0.525,ALERTA: Instabilidade de Fluxo
ESP_05,0.0,3.5355,CRITICO: Queda de Press\u00e3o
ESP_04,0.0,3.5355,CRITICO: Queda de Press\u00e3o
ESP_01,5.733948,-0.519,ALERTA: Instabilidade de Fluxo
ESP_05,0.0,3.5355,CRITICO: Queda de Press\u00e3o
ESP_04,0.0,3.5355,CRITICO: Queda de Press\u00e3o
ESP_01,5.724306,-0.5122,ALERTA: Instabilidade de Fluxo
ESP_05,0.0,3.5355,CRITICO: Queda de Press\u00e3o
ESP_04,0.0,3.5355,CRITICO: Queda de Press\u00e3o
ESP_01,5.713876,-0.5048,ALERTA: Instabilidade de Fluxo
ESP_05,0.0,3.5355,CRITICO: Queda de Press\u00e3o
ESP_04,0.0,3.5355,CRITICO: Queda de Press\u00e3o
ESP_01,5.704922,-0.4985,ALERTA: Instabilidade de Fluxo
ESP_05,0.0,3.5355,CRITICO: Queda de Press\u00e3o
ESP_04,0.0,3.5355,CRITICO: Queda de Press\u00e3o
ESP_01,5.753726,-0.533,ALERTA: Instabilidade de Fluxo
ESP_05,0.0,3.5355,CRITICO: Queda de Press\u00e3o
ESP_04,0.0,3.5355,CRITICO: Queda de Press\u00e3o
ESP_01,5.744476,-0.5264,ALERTA: Instabilidade de Fluxo
ESP_05,0.0,3.5355,CRITICO: Queda de Press\u00e3o
ESP_04,0.0,3.5355,CRITICO: Queda de Press\u00e3o
ESP_01,5.735325,-0.52,ALERTA: Instabilidade de Fluxo
ESP_05,0.0,3.5355,CRITICO: Queda de Press\u00e3o
ESP_04,0.0,3.5355,CRITICO: Queda de Press\u00e3o
ESP_01,5.72706,-0.5141,ALERTA: Instabilidade de Fluxo
ESP_05,0.0,3.5355,CRITICO: Queda de Press\u00e3o
ESP_04,0.0,3.5355,CRITICO: Queda de Press\u00e3o
ESP_01,5.71663,-0.5067,ALERTA: Instabilidade de Fluxo
ESP_05,0.0,3.5355,CRITICO: Queda de Press\u00e3o
ESP_04,0.0,3.5355,CRITICO: Queda de Press\u00e3o
ESP_01,5.707971,-0.5006,ALERTA: Instabilidade de Fluxo
ESP_05,0.0,3.5355,CRITICO: Queda de Press\u00e3o
ESP_04,0.0,3.5355,CRITICO: Queda de Press\u00e3o
ESP_01,5.756677,-0.5351,ALERTA: Instabilidade de Fluxo
ESP_05,0.0,3.5355,CRITICO: Queda de Press\u00e3o
ESP_04,0.0,3.5355,CRITICO: Queda de Press\u00e3o
ESP_01,5.748806,-0.5295,ALERTA: Instabilidade de Fluxo
ESP_05,0.0,3.5355,CRITICO: Queda de Press\u00e3o
ESP_04,0.0,3.5355,CRITICO: Queda de Press\u00e3o
ESP_01,5.73749,-0.5215,ALERTA: Instabilidade de Fluxo
ESP_05,0.0,3.5355,CRITICO: Queda de Press\u00e3o
ESP_04,0.0,3.5355,CRITICO: Queda de Press\u00e3o
ESP_01,5.728044,-0.5148,ALERTA: Instabilidade de Fluxo
ESP_05,0.0,3.5355,CRITICO: Queda de Press\u00e3o
ESP_04,0.0,3.5355,CRITICO: Queda de Press\u00e3o
ESP_01,5.713678,-0.5046,ALERTA: Instabilidade de Fluxo
ESP_05,0.0,3.5355,CRITICO: Queda de Press\u00e3o
ESP_04,0.0,3.5355,CRITICO: Queda de Press\u00e3o
ESP_01,5.708857,-0.5012,ALERTA: Instabilidade de Fluxo
ESP_05,0.0,3.5355,CRITICO: Queda de Press\u00e3o
ESP_04,0.0,3.5355,CRITICO: Queda de Press\u00e3o
ESP_01,5.757858,-0.5359,ALERTA: Instabilidade de Fluxo
ESP_05,0.0,3.5355,CRITICO: Queda de Press\u00e3o
ESP_04,0.0,3.5355,CRITICO: Queda de Press\u00e3o
ESP_01,5.748806,-0.5295,ALERTA: Instabilidade de Fluxo
ESP_05,0.0,3.5355,CRITICO: Queda de Press\u00e3o
ESP_04,0.0,3.5355,CRITICO: Queda de Press\u00e3o
ESP_01,5.702068,-0.4964,ALERTA: Instabilidade de Fluxo
ESP_05,0.0,3.5355,CRITICO: Queda de Press\u00e3o
ESP_04,0.0,3.5355,CRITICO: Queda de Press\u00e3o
ESP_01,5.726568,-0.5138,ALERTA: Instabilidade de Fluxo
ESP_05,0.0,3.5355,CRITICO: Queda de Press\u00e3o
ESP_04,0.0,3.5355,CRITICO: Queda de Press\u00e3o
ESP_01,5.719976,-0.5091,ALERTA: Instabilidade de Fluxo
ESP_05,0.0,3.5355,CRITICO: Queda de Press\u00e3o
ESP_04,0.0,3.5355,CRITICO: Queda de Press\u00e3o
ESP_01,5.706004,-0.4992,ALERTA: Instabilidade de Fluxo
ESP_05,0.0,3.5355,CRITICO: Queda de Press\u00e3o
ESP_04,0.0,3.5355,CRITICO: Queda de Press\u00e3o
ESP_01,5.70561,-0.4989,ALERTA: Instabilidade de Fluxo
ESP_05,0.0,3.5355,CRITICO: Queda de Press\u00e3o
ESP_04,0.0,3.5355,CRITICO: Queda de Press\u00e3o
ESP_01,5.7123,-0.5037,ALERTA: Instabilidade de Fluxo
ESP_05,0.0,3.5355,CRITICO: Queda de Press\u00e3o
ESP_04,0.0,3.5355,CRITICO: Queda de Press\u00e3o
ESP_01,5.736605,-0.5209,ALERTA: Instabilidade de Fluxo
ESP_05,0.0,3.5355,CRITICO: Queda de Press\u00e3o
ESP_04,0.0,3.5355,CRITICO: Queda de Press\u00e3o
ESP_01,5.729618,-0.5159,ALERTA: Instabilidade de Fluxo
ESP_05,0.0,3.5355,CRITICO: Queda de Press\u00e3o
ESP_04,0.0,3.5355,CRITICO: Queda de Press\u00e3o
ESP_01,5.722042,-0.5106,ALERTA: Instabilidade de Fluxo
ESP_05,0.0,3.5355,CRITICO: Queda de Press\u00e3o
ESP_04,0.0,3.5355,CRITICO: Queda de Press\u00e3o
ESP_01,5.713482,-0.5045,ALERTA: Instabilidade de Fluxo
ESP_05,0.0,3.5355,CRITICO: Queda de Press\u00e3o
ESP_04,0.0,3.5355,CRITICO: Queda de Press\u00e3o
ESP_01,5.702658,-0.4969,ALERTA: Instabilidade de Fluxo
ESP_05,0.0,3.5355,CRITICO: Queda de Press\u00e3o
ESP_04,0.0,3.5355,CRITICO: Queda de Press\u00e3o
ESP_01,5.750675,-0.5308,ALERTA: Instabilidade de Fluxo
ESP_05,0.0,3.5355,CRITICO: Queda de Press\u00e3o
ESP_04,0.0,3.5355,CRITICO: Queda de Press\u00e3o
ESP_01,5.742902,-0.5253,ALERTA: Instabilidade de Fluxo
ESP_05,0.0,3.5355,CRITICO: Queda de Press\u00e3o
ESP_04,0.0,3.5355,CRITICO: Queda de Press\u00e3o
ESP_01,5.733456,-0.5186,ALERTA: Instabilidade de Fluxo
ESP_05,0.0,3.5355,CRITICO: Queda de Press\u00e3o
ESP_04,0.0,3.5355,CRITICO: Queda de Press\u00e3o
ESP_01,5.721846,-0.5104,ALERTA: Instabilidade de Fluxo
ESP_05,0.0,3.5355,CRITICO: Queda de Press\u00e3o
ESP_04,0.0,3.5355,CRITICO: Queda de Press\u00e3o
ESP_01,5.714663,-0.5053,ALERTA: Instabilidade de Fluxo
ESP_05,0.0,3.5355,CRITICO: Queda de Press\u00e3o
ESP_04,0.0,3.5355,CRITICO: Queda de Press\u00e3o
ESP_01,5.706299,-0.4994,ALERTA: Instabilidade de Fluxo
ESP_05,0.0,3.5355,CRITICO: Queda de Press\u00e3o
ESP_04,0.0,3.5355,CRITICO: Queda de Press\u00e3o
ESP_01,5.752053,-0.5318,ALERTA: Instabilidade de Fluxo
ESP_05,0.0,3.5355,CRITICO: Queda de Press\u00e3o
ESP_04,0.0,3.5355,CRITICO: Queda de Press\u00e3o
ESP_01,5.743492,-0.5257,ALERTA: Instabilidade de Fluxo
ESP_05,0.0,3.5355,CRITICO: Queda de Press\u00e3o
ESP_04,0.0,3.5355,CRITICO: Queda de Press\u00e3o
ESP_01,5.73444,-0.5193,ALERTA: Instabilidade de Fluxo
ESP_05,0.0,3.5355,CRITICO: Queda de Press\u00e3o
ESP_04,0.0,3.5355,CRITICO: Queda de Press\u00e3o
ESP_01,5.724995,-0.5126,ALERTA: Instabilidade de Fluxo
ESP_05,0.0,3.5355,CRITICO: Queda de Press\u00e3o
ESP_04,0.0,3.5355,CRITICO: Queda de Press\u00e3o
ESP_01,5.717319,-0.5072,ALERTA: Instabilidade de Fluxo
ESP_05,0.0,3.5355,CRITICO: Queda de Press\u00e3o
ESP_04,0.0,3.5355,CRITICO: Queda de Press\u00e3o
ESP_01,5.704331,-0.498,ALERTA: Instabilidade de Fluxo
ESP_05,0.0,3.5355,CRITICO: Queda de Press\u00e3o
ESP_04,0.0,3.5355,CRITICO: Queda de Press\u00e3o
ESP_01,5.752938,-0.5324,ALERTA: Instabilidade de Fluxo
ESP_05,0.0,3.5355,CRITICO: Queda de Press\u00e3o
ESP_04,0.0,3.5355,CRITICO: Queda de Press\u00e3o
ESP_01,5.744181,-0.5262,ALERTA: Instabilidade de Fluxo
ESP_05,0.0,3.5355,CRITICO: Queda de Press\u00e3o
ESP_04,0.0,3.5355,CRITICO: Queda de Press\u00e3o
ESP_01,5.735719,-0.5202,ALERTA: Instabilidade de Fluxo
ESP_05,0.0,3.5355,CRITICO: Queda de Press\u00e3o
ESP_04,0.0,3.5355,CRITICO: Queda de Press\u00e3o
ESP_01,5.723813,-0.5118,ALERTA: Instabilidade de Fluxo
ESP_05,0.0,3.5355,CRITICO: Queda de Press\u00e3o
ESP_04,0.0,3.5355,CRITICO: Queda de Press\u00e3o
ESP_01,5.716926,-0.5069,ALERTA: Instabilidade de Fluxo
ESP_05,0.0,3.5355,CRITICO: Queda de Press\u00e3o
ESP_04,0.0,3.5355,CRITICO: Queda de Press\u00e3o
ESP_01,5.706398,-0.4995,ALERTA: Instabilidade de Fluxo
ESP_05,0.0,3.5355,CRITICO: Queda de Press\u00e3o
ESP_04,0.0,3.5355,CRITICO: Queda de Press\u00e3o
ESP_01,5.754807,-0.5337,ALERTA: Instabilidade de Fluxo
ESP_05,0.0,3.5355,CRITICO: Queda de Press\u00e3o
ESP_04,0.0,3.5355,CRITICO: Queda de Press\u00e3o
ESP_01,5.746641,-0.528,ALERTA: Instabilidade de Fluxo
ESP_05,0.0,3.5355,CRITICO: Queda de Press\u00e3o
ESP_04,0.0,3.5355,CRITICO: Queda de Press\u00e3o
ESP_01,5.737391,-0.5214,ALERTA: Instabilidade de Fluxo
ESP_05,0.0,3.5355,CRITICO: Queda de Press\u00e3o
ESP_04,0.0,3.5355,CRITICO: Queda de Press\u00e3o
ESP_01,5.726667,-0.5138,ALERTA: Instabilidade de Fluxo
ESP_05,0.0,3.5355,CRITICO: Queda de Press\u00e3o
ESP_04,0.0,3.5355,CRITICO: Queda de Press\u00e3o
ESP_01,5.717713,-0.5075,ALERTA: Instabilidade de Fluxo
ESP_05,0.0,3.5355,CRITICO: Queda de Press\u00e3o
ESP_04,0.0,3.5355,CRITICO: Queda de Press\u00e3o
ESP_01,5.706988,-0.4999,ALERTA: Instabilidade de Fluxo
ESP_05,0.0,3.5355,CRITICO: Queda de Press\u00e3o
ESP_04,0.0,3.5355,CRITICO: Queda de Press\u00e3o
ESP_01,5.754513,-0.5335,ALERTA: Instabilidade de Fluxo
ESP_05,0.0,3.5355,CRITICO: Queda de Press\u00e3o
ESP_04,0.0,3.5355,CRITICO: Queda de Press\u00e3o
ESP_01,5.747822,-0.5288,ALERTA: Instabilidade de Fluxo
ESP_05,0.0,3.5355,CRITICO: Queda de Press\u00e3o
ESP_04,0.0,3.5355,CRITICO: Queda de Press\u00e3o
ESP_01,5.736998,-0.5211,ALERTA: Instabilidade de Fluxo
ESP_05,0.0,3.5355,CRITICO: Queda de Press\u00e3o
ESP_04,0.0,3.5355,CRITICO: Queda de Press\u00e3o
ESP_01,5.729324,-0.5157,ALERTA: Instabilidade de Fluxo
ESP_05,0.0,3.5355,CRITICO: Queda de Press\u00e3o
ESP_04,0.0,3.5355,CRITICO: Queda de Press\u00e3o
ESP_01,5.721255,-0.51,ALERTA: Instabilidade de Fluxo
ESP_05,0.0,3.5355,CRITICO: Queda de Press\u00e3o
ESP_04,0.0,3.5355,CRITICO: Queda de Press\u00e3o
ESP_01,5.709054,-0.5014,ALERTA: Instabilidade de Fluxo
ESP_05,0.0,3.5355,CRITICO: Queda de Press\u00e3o
ESP_04,0.0,3.5355,CRITICO: Queda de Press\u00e3o
ESP_01,5.757563,-0.5357,ALERTA: Instabilidade de Fluxo
ESP_05,0.0,3.5355,CRITICO: Queda de Press\u00e3o
ESP_04,0.0,3.5355,CRITICO: Queda de Press\u00e3o
ESP_01,5.748904,-0.5296,ALERTA: Instabilidade de Fluxo
ESP_05,0.0,3.5355,CRITICO: Queda de Press\u00e3o
ESP_04,0.0,3.5355,CRITICO: Queda de Press\u00e3o
ESP_01,5.738966,-0.5225,ALERTA: Instabilidade de Fluxo
ESP_05,0.0,3.5355,CRITICO: Queda de Press\u00e3o
ESP_04,0.0,3.5355,CRITICO: Queda de Press\u00e3o
ESP_01,5.730209,-0.5163,ALERTA: Instabilidade de Fluxo
ESP_05,0.0,3.5355,CRITICO: Queda de Press\u00e3o
ESP_04,0.0,3.5355,CRITICO: Queda de Press\u00e3o
ESP_01,5.721255,-0.51,ALERTA: Instabilidade de Fluxo
ESP_05,0.0,3.5355,CRITICO: Queda de Press\u00e3o
ESP_04,0.0,3.5355,CRITICO: Queda de Press\u00e3o
ESP_01,5.712202,-0.5036,ALERTA: Instabilidade de Fluxo
ESP_05,0.0,3.5355,CRITICO: Queda de Press\u00e3o
ESP_04,0.0,3.5355,CRITICO: Queda de Press\u00e3o
ESP_01,5.705019,-0.4985,ALERTA: Instabilidade de Fluxo
ESP_05,0.0,3.5355,CRITICO: Queda de Press\u00e3o
ESP_04,0.0,3.5355,CRITICO: Queda de Press\u00e3o
ESP_01,5.749789,-0.5302,ALERTA: Instabilidade de Fluxo
ESP_05,0.0,3.5355,CRITICO: Queda de Press\u00e3o
ESP_04,0.0,3.5355,CRITICO: Queda de Press\u00e3o
ESP_01,5.741524,-0.5243,ALERTA: Instabilidade de Fluxo
ESP_05,0.0,3.5355,CRITICO: Queda de Press\u00e3o
ESP_04,0.0,3.5355,CRITICO: Queda de Press\u00e3o
ESP_01,5.730996,-0.5169,ALERTA: Instabilidade de Fluxo
ESP_05,0.0,3.5355,CRITICO: Queda de Press\u00e3o
ESP_04,0.0,3.5355,CRITICO: Queda de Press\u00e3o
ESP_01,5.72401,-0.512,ALERTA: Instabilidade de Fluxo
ESP_05,0.0,3.5355,CRITICO: Queda de Press\u00e3o
ESP_04,0.0,3.5355,CRITICO: Queda de Press\u00e3o
ESP_01,5.714859,-0.5055,ALERTA: Instabilidade de Fluxo
ESP_05,0.0,3.5355,CRITICO: Queda de Press\u00e3o
ESP_04,0.0,3.5355,CRITICO: Queda de Press\u00e3o
ESP_01,5.706889,-0.4998,ALERTA: Instabilidade de Fluxo
ESP_05,0.0,3.5355,CRITICO: Queda de Press\u00e3o
ESP_04,0.0,3.5355,CRITICO: Queda de Press\u00e3o
ESP_01,5.750576,-0.5307,ALERTA: Instabilidade de Fluxo
ESP_05,0.0,3.5355,CRITICO: Queda de Press\u00e3o
ESP_04,0.0,3.5355,CRITICO: Queda de Press\u00e3o
ESP_01,5.742409,-0.525,ALERTA: Instabilidade de Fluxo
ESP_05,0.0,3.5355,CRITICO: Queda de Press\u00e3o
ESP_04,0.0,3.5355,CRITICO: Queda de Press\u00e3o
ESP_01,5.733456,-0.5186,ALERTA: Instabilidade de Fluxo
ESP_05,0.0,3.5355,CRITICO: Queda de Press\u00e3o
ESP_04,0.0,3.5355,CRITICO: Queda de Press\u00e3o
ESP_01,5.724109,-0.512,ALERTA: Instabilidade de Fluxo
ESP_05,0.0,3.5355,CRITICO: Queda de Press\u00e3o
ESP_04,0.0,3.5355,CRITICO: Queda de Press\u00e3o
ESP_01,5.715843,-0.5062,ALERTA: Instabilidade de Fluxo
ESP_05,0.0,3.5355,CRITICO: Queda de Press\u00e3o
ESP_04,0.0,3.5355,CRITICO: Queda de Press\u00e3o
ESP_01,5.708759,-0.5012,ALERTA: Instabilidade de Fluxo
ESP_05,0.0,3.5355,CRITICO: Queda de Press\u00e3o
ESP_04,0.0,3.5355,CRITICO: Queda de Press\u00e3o
ESP_01,5.70925,-0.5015,ALERTA: Instabilidade de Fluxo
ESP_05,0.0,3.5355,CRITICO: Queda de Press\u00e3o
ESP_04,0.0,3.5355,CRITICO: Queda de Press\u00e3o
ESP_01,5.743689,-0.5259,ALERTA: Instabilidade de Fluxo
ESP_05,0.0,3.5355,CRITICO: Queda de Press\u00e3o
ESP_04,0.0,3.5355,CRITICO: Queda de Press\u00e3o
ESP_01,5.735129,-0.5198,ALERTA: Instabilidade de Fluxo
ESP_05,0.0,3.5355,CRITICO: Queda de Press\u00e3o
ESP_04,0.0,3.5355,CRITICO: Queda de Press\u00e3o
ESP_01,5.726765,-0.5139,ALERTA: Instabilidade de Fluxo
ESP_05,0.0,3.5355,CRITICO: Queda de Press\u00e3o
ESP_04,0.0,3.5355,CRITICO: Queda de Press\u00e3o
ESP_01,5.717909,-0.5076,ALERTA: Instabilidade de Fluxo
ESP_05,0.0,3.5355,CRITICO: Queda de Press\u00e3o
ESP_04,0.0,3.5355,CRITICO: Queda de Press\u00e3o
ESP_01,5.707381,-0.5002,ALERTA: Instabilidade de Fluxo
ESP_05,0.0,3.5355,CRITICO: Queda de Press\u00e3o
ESP_04,0.0,3.5355,CRITICO: Queda de Press\u00e3o
ESP_01,5.75343,-0.5328,ALERTA: Instabilidade de Fluxo
ESP_05,0.0,3.5355,CRITICO: Queda de Press\u00e3o
ESP_04,0.0,3.5355,CRITICO: Queda de Press\u00e3o
ESP_01,5.745361,-0.527,ALERTA: Instabilidade de Fluxo
ESP_05,0.0,3.5355,CRITICO: Queda de Press\u00e3o
ESP_04,0.0,3.5355,CRITICO: Queda de Press\u00e3o
ESP_01,5.733849,-0.5189,ALERTA: Instabilidade de Fluxo
ESP_05,0.0,3.5355,CRITICO: Queda de Press\u00e3o
ESP_04,0.0,3.5355,CRITICO: Queda de Press\u00e3o
ESP_01,5.728635,-0.5152,ALERTA: Instabilidade de Fluxo
ESP_05,0.0,3.5355,CRITICO: Queda de Press\u00e3o
ESP_04,0.0,3.5355,CRITICO: Queda de Press\u00e3o
ESP_01,5.717516,-0.5074,ALERTA: Instabilidade de Fluxo
ESP_05,0.0,3.5355,CRITICO: Queda de Press\u00e3o
ESP_04,0.0,3.5355,CRITICO: Queda de Press\u00e3o
ESP_01,5.70866,-0.5011,ALERTA: Instabilidade de Fluxo
ESP_05,0.0,3.5355,CRITICO: Queda de Press\u00e3o
ESP_04,0.0,3.5355,CRITICO: Queda de Press\u00e3o
ESP_01,5.756086,-0.5346,ALERTA: Instabilidade de Fluxo
ESP_05,0.0,3.5355,CRITICO: Queda de Press\u00e3o
ESP_04,0.0,3.5355,CRITICO: Queda de Press\u00e3o
ESP_01,5.747625,-0.5287,ALERTA: Instabilidade de Fluxo
ESP_05,0.0,3.5355,CRITICO: Queda de Press\u00e3o
ESP_04,0.0,3.5355,CRITICO: Queda de Press\u00e3o
ESP_01,5.735227,-0.5199,ALERTA: Instabilidade de Fluxo
ESP_05,0.0,3.5355,CRITICO: Queda de Press\u00e3o
ESP_04,0.0,3.5355,CRITICO: Queda de Press\u00e3o
ESP_01,5.729717,-0.516,ALERTA: Instabilidade de Fluxo
ESP_05,0.0,3.5355,CRITICO: Queda de Press\u00e3o
ESP_04,0.0,3.5355,CRITICO: Queda de Press\u00e3o
ESP_01,5.717811,-0.5076,ALERTA: Instabilidade de Fluxo
ESP_05,0.0,3.5355,CRITICO: Queda de Press\u00e3o
ESP_04,0.0,3.5355,CRITICO: Queda de Press\u00e3o
ESP_01,5.706594,-0.4996,ALERTA: Instabilidade de Fluxo
ESP_05,0.0,3.5355,CRITICO: Queda de Press\u00e3o
ESP_04,0.0,3.5355,CRITICO: Queda de Press\u00e3o
ESP_01,5.756677,-0.5351,ALERTA: Instabilidade de Fluxo
ESP_05,0.0,3.5355,CRITICO: Queda de Press\u00e3o
ESP_04,0.0,3.5355,CRITICO: Queda de Press\u00e3o
ESP_01,5.747724,-0.5287,ALERTA: Instabilidade de Fluxo
ESP_05,0.0,3.5355,CRITICO: Queda de Press\u00e3o
ESP_04,0.0,3.5355,CRITICO: Queda de Press\u00e3o
ESP_01,5.739851,-0.5232,ALERTA: Instabilidade de Fluxo
ESP_05,0.0,3.5355,CRITICO: Queda de Press\u00e3o
ESP_04,0.0,3.5355,CRITICO: Queda de Press\u00e3o
ESP_01,5.730308,-0.5164,ALERTA: Instabilidade de Fluxo
ESP_05,0.0,3.5355,CRITICO: Queda de Press\u00e3o
ESP_04,0.0,3.5355,CRITICO: Queda de Press\u00e3o
ESP_01,5.722731,-0.511,ALERTA: Instabilidade de Fluxo
ESP_05,0.0,3.5355,CRITICO: Queda de Press\u00e3o
ESP_04,0.0,3.5355,CRITICO: Queda de Press\u00e3o
ESP_01,5.7123,-0.5037,ALERTA: Instabilidade de Fluxo
ESP_05,0.0,3.5355,CRITICO: Queda de Press\u00e3o
ESP_04,0.0,3.5355,CRITICO: Queda de Press\u00e3o
ESP_01,5.757661,-0.5357,ALERTA: Instabilidade de Fluxo
ESP_05,0.0,3.5355,CRITICO: Queda de Press\u00e3o
ESP_04,0.0,3.5355,CRITICO: Queda de Press\u00e3o
ESP_01,5.749396,-0.5299,ALERTA: Instabilidade de Fluxo
ESP_05,0.0,3.5355,CRITICO: Queda de Press\u00e3o
ESP_04,0.0,3.5355,CRITICO: Queda de Press\u00e3o
ESP_01,5.741918,-0.5246,ALERTA: Instabilidade de Fluxo
ESP_05,0.0,3.5355,CRITICO: Queda de Press\u00e3o
ESP_04,0.0,3.5355,CRITICO: Queda de Press\u00e3o
ESP_01,5.731783,-0.5174,ALERTA: Instabilidade de Fluxo
ESP_05,0.0,3.5355,CRITICO: Queda de Press\u00e3o
ESP_04,0.0,3.5355,CRITICO: Queda de Press\u00e3o
ESP_01,5.723223,-0.5114,ALERTA: Instabilidade de Fluxo
ESP_05,0.0,3.5355,CRITICO: Queda de Press\u00e3o
ESP_04,0.0,3.5355,CRITICO: Queda de Press\u00e3o
ESP_01,5.712695,-0.504,ALERTA: Instabilidade de Fluxo
ESP_05,0.0,3.5355,CRITICO: Queda de Press\u00e3o
ESP_04,0.0,3.5355,CRITICO: Queda de Press\u00e3o
ESP_01,5.758349,-0.5362,ALERTA: Instabilidade de Fluxo
ESP_05,0.0,3.5355,CRITICO: Queda de Press\u00e3o
ESP_04,0.0,3.5355,CRITICO: Queda de Press\u00e3o
ESP_01,5.751266,-0.5312,ALERTA: Instabilidade de Fluxo
ESP_05,0.0,3.5355,CRITICO: Queda de Press\u00e3o
ESP_04,0.0,3.5355,CRITICO: Queda de Press\u00e3o
ESP_01,5.741721,-0.5245,ALERTA: Instabilidade de Fluxo
ESP_05,0.0,3.5355,CRITICO: Queda de Press\u00e3o
ESP_04,0.0,3.5355,CRITICO: Queda de Press\u00e3o
ESP_01,5.73316,-0.5184,ALERTA: Instabilidade de Fluxo
ESP_05,0.0,3.5355,CRITICO: Queda de Press\u00e3o
ESP_04,0.0,3.5355,CRITICO: Queda de Press\u00e3o
ESP_01,5.724699,-0.5124,ALERTA: Instabilidade de Fluxo
ESP_05,0.0,3.5355,CRITICO: Queda de Press\u00e3o
ESP_04,0.0,3.5355,CRITICO: Queda de Press\u00e3o
ESP_01,5.714367,-0.5051,ALERTA: Instabilidade de Fluxo
ESP_05,0.0,3.5355,CRITICO: Queda de Press\u00e3o
ESP_04,0.0,3.5355,CRITICO: Queda de Press\u00e3o
ESP_01,5.711022,-0.5028,ALERTA: Instabilidade de Fluxo
ESP_05,0.0,3.5355,CRITICO: Queda de Press\u00e3o
ESP_04,0.0,3.5355,CRITICO: Queda de Press\u00e3o
ESP_01,5.751167,-0.5312,ALERTA: Instabilidade de Fluxo
ESP_05,0.0,3.5355,CRITICO: Queda de Press\u00e3o
ESP_04,0.0,3.5355,CRITICO: Queda de Press\u00e3o
ESP_01,5.713876,-0.5048,ALERTA: Instabilidade de Fluxo
ESP_05,0.0,3.5355,CRITICO: Queda de Press\u00e3o
ESP_04,0.0,3.5355,CRITICO: Queda de Press\u00e3o
ESP_01,5.734637,-0.5195,ALERTA: Instabilidade de Fluxo
ESP_05,0.0,3.5355,CRITICO: Queda de Press\u00e3o
ESP_04,0.0,3.5355,CRITICO: Queda de Press\u00e3o
ESP_01,5.726371,-0.5136,ALERTA: Instabilidade de Fluxo
ESP_05,0.0,3.5355,CRITICO: Queda de Press\u00e3o
ESP_04,0.0,3.5355,CRITICO: Queda de Press\u00e3o
ESP_01,5.715647,-0.506,ALERTA: Instabilidade de Fluxo
ESP_05,0.0,3.5355,CRITICO: Queda de Press\u00e3o
ESP_04,0.0,3.5355,CRITICO: Queda de Press\u00e3o
ESP_01,5.710038,-0.5021,ALERTA: Instabilidade de Fluxo
ESP_05,0.0,3.5355,CRITICO: Queda de Press\u00e3o
ESP_04,0.0,3.5355,CRITICO: Queda de Press\u00e3o
ESP_01,5.752545,-0.5321,ALERTA: Instabilidade de Fluxo
ESP_05,0.0,3.5355,CRITICO: Queda de Press\u00e3o
ESP_04,0.0,3.5355,CRITICO: Queda de Press\u00e3o
ESP_01,5.744279,-0.5263,ALERTA: Instabilidade de Fluxo
ESP_05,0.0,3.5355,CRITICO: Queda de Press\u00e3o
ESP_04,0.0,3.5355,CRITICO: Queda de Press\u00e3o
ESP_01,5.736211,-0.5206,ALERTA: Instabilidade de Fluxo
ESP_05,0.0,3.5355,CRITICO: Queda de Press\u00e3o
ESP_04,0.0,3.5355,CRITICO: Queda de Press\u00e3o
ESP_01,5.726863,-0.514,ALERTA: Instabilidade de Fluxo
ESP_05,0.0,3.5355,CRITICO: Queda de Press\u00e3o
ESP_04,0.0,3.5355,CRITICO: Queda de Press\u00e3o
ESP_01,5.718598,-0.5081,ALERTA: Instabilidade de Fluxo
ESP_05,0.0,3.5355,CRITICO: Queda de Press\u00e3o
ESP_04,0.0,3.5355,CRITICO: Queda de Press\u00e3o
ESP_01,5.710333,-0.5023,ALERTA: Instabilidade de Fluxo
ESP_05,0.0,3.5355,CRITICO: Queda de Press\u00e3o
ESP_04,0.0,3.5355,CRITICO: Queda de Press\u00e3o
ESP_01,5.755201,-0.534,ALERTA: Instabilidade de Fluxo
ESP_05,0.0,3.5355,CRITICO: Queda de Press\u00e3o
ESP_04,0.0,3.5355,CRITICO: Queda de Press\u00e3o
ESP_01,5.74605,-0.5275,ALERTA: Instabilidade de Fluxo
ESP_05,0.0,3.5355,CRITICO: Queda de Press\u00e3o
ESP_04,0.0,3.5355,CRITICO: Queda de Press\u00e3o
ESP_01,5.737589,-0.5216,ALERTA: Instabilidade de Fluxo
ESP_05,0.0,3.5355,CRITICO: Queda de Press\u00e3o
ESP_04,0.0,3.5355,CRITICO: Queda de Press\u00e3o
ESP_01,5.729618,-0.5159,ALERTA: Instabilidade de Fluxo
ESP_05,0.0,3.5355,CRITICO: Queda de Press\u00e3o
ESP_04,0.0,3.5355,CRITICO: Queda de Press\u00e3o
ESP_01,5.720567,-0.5095,ALERTA: Instabilidade de Fluxo
ESP_05,0.0,3.5355,CRITICO: Queda de Press\u00e3o
ESP_04,0.0,3.5355,CRITICO: Queda de Press\u00e3o
ESP_01,5.712498,-0.5038,ALERTA: Instabilidade de Fluxo
ESP_05,0.0,3.5355,CRITICO: Queda de Press\u00e3o
ESP_04,0.0,3.5355,CRITICO: Queda de Press\u00e3o
ESP_01,5.755398,-0.5341,ALERTA: Instabilidade de Fluxo
ESP_05,0.0,3.5355,CRITICO: Queda de Press\u00e3o
ESP_04,0.0,3.5355,CRITICO: Queda de Press\u00e3o
ESP_01,5.746542,-0.5279,ALERTA: Instabilidade de Fluxo
ESP_05,0.0,3.5355,CRITICO: Queda de Press\u00e3o
ESP_04,0.0,3.5355,CRITICO: Queda de Press\u00e3o
ESP_01,5.73936,-0.5228,ALERTA: Instabilidade de Fluxo
ESP_05,0.0,3.5355,CRITICO: Queda de Press\u00e3o
ESP_04,0.0,3.5355,CRITICO: Queda de Press\u00e3o
ESP_01,5.731193,-0.517,ALERTA: Instabilidade de Fluxo
ESP_05,0.0,3.5355,CRITICO: Queda de Press\u00e3o
ESP_04,0.0,3.5355,CRITICO: Queda de Press\u00e3o
ESP_01,5.721944,-0.5105,ALERTA: Instabilidade de Fluxo
ESP_05,0.0,3.5355,CRITICO: Queda de Press\u00e3o
ESP_04,0.0,3.5355,CRITICO: Queda de Press\u00e3o
ESP_01,5.711416,-0.503,ALERTA: Instabilidade de Fluxo
ESP_05,0.0,3.5355,CRITICO: Queda de Press\u00e3o
ESP_04,0.0,3.5355,CRITICO: Queda de Press\u00e3o
ESP_01,5.756972,-0.5353,ALERTA: Instabilidade de Fluxo
ESP_05,0.0,3.5355,CRITICO: Queda de Press\u00e3o
ESP_04,0.0,3.5355,CRITICO: Queda de Press\u00e3o
ESP_01,5.748411,-0.5292,ALERTA: Instabilidade de Fluxo
ESP_05,0.0,3.5355,CRITICO: Queda de Press\u00e3o
ESP_04,0.0,3.5355,CRITICO: Queda de Press\u00e3o
ESP_01,5.739262,-0.5227,ALERTA: Instabilidade de Fluxo
ESP_05,0.0,3.5355,CRITICO: Queda de Press\u00e3o
ESP_04,0.0,3.5355,CRITICO: Queda de Press\u00e3o
ESP_01,5.730406,-0.5165,ALERTA: Instabilidade de Fluxo
ESP_05,0.0,3.5355,CRITICO: Queda de Press\u00e3o
ESP_04,0.0,3.5355,CRITICO: Queda de Press\u00e3o
ESP_01,5.722534,-0.5109,ALERTA: Instabilidade de Fluxo
ESP_05,0.0,3.5355,CRITICO: Queda de Press\u00e3o
ESP_04,0.0,3.5355,CRITICO: Queda de Press\u00e3o
ESP_01,5.714565,-0.5053,ALERTA: Instabilidade de Fluxo
ESP_05,0.0,3.5355,CRITICO: Queda de Press\u00e3o
ESP_04,0.0,3.5355,CRITICO: Queda de Press\u00e3o
ESP_01,5.757465,-0.5356,ALERTA: Instabilidade de Fluxo
ESP_05,0.0,3.5355,CRITICO: Queda de Press\u00e3o
ESP_04,0.0,3.5355,CRITICO: Queda de Press\u00e3o
ESP_01,5.75038,-0.5306,ALERTA: Instabilidade de Fluxo
ESP_05,0.0,3.5355,CRITICO: Queda de Press\u00e3o
ESP_04,0.0,3.5355,CRITICO: Queda de Press\u00e3o
ESP_01,5.741721,-0.5245,ALERTA: Instabilidade de Fluxo
ESP_05,0.0,3.5355,CRITICO: Queda de Press\u00e3o
ESP_04,0.0,3.5355,CRITICO: Queda de Press\u00e3o
ESP_01,5.733555,-0.5187,ALERTA: Instabilidade de Fluxo
ESP_05,0.0,3.5355,CRITICO: Queda de Press\u00e3o
ESP_04,0.0,3.5355,CRITICO: Queda de Press\u00e3o
ESP_01,5.71417,-0.505,ALERTA: Instabilidade de Fluxo
ESP_05,0.0,3.5355,CRITICO: Queda de Press\u00e3o
ESP_04,0.0,3.5355,CRITICO: Queda de Press\u00e3o
ESP_01,5.714761,-0.5054,ALERTA: Instabilidade de Fluxo
ESP_05,0.0,3.5355,CRITICO: Queda de Press\u00e3o
ESP_04,0.0,3.5355,CRITICO: Queda de Press\u00e3o
ESP_01,5.75953,-0.5371,ALERTA: Instabilidade de Fluxo
ESP_05,0.0,3.5355,CRITICO: Queda de Press\u00e3o
ESP_04,0.0,3.5355,CRITICO: Queda de Press\u00e3o
ESP_01,5.75097,-0.531,ALERTA: Instabilidade de Fluxo
ESP_05,0.0,3.5355,CRITICO: Queda de Press\u00e3o
ESP_04,0.0,3.5355,CRITICO: Queda de Press\u00e3o
ESP_01,5.742311,-0.5249,ALERTA: Instabilidade de Fluxo
ESP_05,0.0,3.5355,CRITICO: Queda de Press\u00e3o
ESP_04,0.0,3.5355,CRITICO: Queda de Press\u00e3o
ESP_01,5.734046,-0.519,ALERTA: Instabilidade de Fluxo
ESP_05,0.0,3.5355,CRITICO: Queda de Press\u00e3o
ESP_04,0.0,3.5355,CRITICO: Queda de Press\u00e3o
ESP_01,5.724502,-0.5123,ALERTA: Instabilidade de Fluxo
ESP_05,0.0,3.5355,CRITICO: Queda de Press\u00e3o
ESP_04,0.0,3.5355,CRITICO: Queda de Press\u00e3o
ESP_01,5.71722,-0.5072,ALERTA: Instabilidade de Fluxo
ESP_05,0.0,3.5355,CRITICO: Queda de Press\u00e3o
ESP_04,0.0,3.5355,CRITICO: Queda de Press\u00e3o
ESP_01,5.712399,-0.5037,ALERTA: Instabilidade de Fluxo
ESP_05,0.0,3.5355,CRITICO: Queda de Press\u00e3o
ESP_04,0.0,3.5355,CRITICO: Queda de Press\u00e3o
ESP_01,5.752446,-0.5321,ALERTA: Instabilidade de Fluxo
ESP_05,0.0,3.5355,CRITICO: Queda de Press\u00e3o
ESP_04,0.0,3.5355,CRITICO: Queda de Press\u00e3o
ESP_01,5.743492,-0.5257,ALERTA: Instabilidade de Fluxo
ESP_05,0.0,3.5355,CRITICO: Queda de Press\u00e3o
ESP_04,0.0,3.5355,CRITICO: Queda de Press\u00e3o
ESP_01,5.73631,-0.5206,ALERTA: Instabilidade de Fluxo
ESP_05,0.0,3.5355,CRITICO: Queda de Press\u00e3o
ESP_04,0.0,3.5355,CRITICO: Queda de Press\u00e3o
ESP_01,5.72647,-0.5137,ALERTA: Instabilidade de Fluxo
ESP_05,0.0,3.5355,CRITICO: Queda de Press\u00e3o
ESP_04,0.0,3.5355,CRITICO: Queda de Press\u00e3o
ESP_01,5.718598,-0.5081,ALERTA: Instabilidade de Fluxo
ESP_05,0.0,3.5355,CRITICO: Queda de Press\u00e3o
ESP_04,0.0,3.5355,CRITICO: Queda de Press\u00e3o
ESP_01,5.712596,-0.5039,ALERTA: Instabilidade de Fluxo
ESP_05,0.0,3.5355,CRITICO: Queda de Press\u00e3o
ESP_04,0.0,3.5355,CRITICO: Queda de Press\u00e3o
ESP_01,5.753331,-0.5327,ALERTA: Instabilidade de Fluxo
ESP_05,0.0,3.5355,CRITICO: Queda de Press\u00e3o
ESP_04,0.0,3.5355,CRITICO: Queda de Press\u00e3o
ESP_01,5.743394,-0.5257,ALERTA: Instabilidade de Fluxo
ESP_05,0.0,3.5355,CRITICO: Queda de Press\u00e3o
ESP_04,0.0,3.5355,CRITICO: Queda de Press\u00e3o
ESP_01,5.736998,-0.5211,ALERTA: Instabilidade de Fluxo
ESP_05,0.0,3.5355,CRITICO: Queda de Press\u00e3o
ESP_04,0.0,3.5355,CRITICO: Queda de Press\u00e3o
ESP_01,5.728438,-0.5151,ALERTA: Instabilidade de Fluxo
ESP_05,0.0,3.5355,CRITICO: Queda de Press\u00e3o
ESP_04,0.0,3.5355,CRITICO: Queda de Press\u00e3o
ESP_01,5.720075,-0.5092,ALERTA: Instabilidade de Fluxo
ESP_05,0.0,3.5355,CRITICO: Queda de Press\u00e3o
ESP_04,0.0,3.5355,CRITICO: Queda de Press\u00e3o
ESP_01,5.7123,-0.5037,ALERTA: Instabilidade de Fluxo
ESP_05,0.0,3.5355,CRITICO: Queda de Press\u00e3o
ESP_04,0.0,3.5355,CRITICO: Queda de Press\u00e3o
ESP_01,5.75402,-0.5332,ALERTA: Instabilidade de Fluxo
ESP_05,0.0,3.5355,CRITICO: Queda de Press\u00e3o
ESP_04,0.0,3.5355,CRITICO: Queda de Press\u00e3o
ESP_01,5.746444,-0.5278,ALERTA: Instabilidade de Fluxo
ESP_05,0.0,3.5355,CRITICO: Queda de Press\u00e3o
ESP_04,0.0,3.5355,CRITICO: Queda de Press\u00e3o
ESP_01,5.73749,-0.5215,ALERTA: Instabilidade de Fluxo
ESP_05,0.0,3.5355,CRITICO: Queda de Press\u00e3o
ESP_04,0.0,3.5355,CRITICO: Queda de Press\u00e3o
ESP_01,5.72952,-0.5158,ALERTA: Instabilidade de Fluxo
ESP_05,0.0,3.5355,CRITICO: Queda de Press\u00e3o
ESP_04,0.0,3.5355,CRITICO: Queda de Press\u00e3o
ESP_01,5.721157,-0.5099,ALERTA: Instabilidade de Fluxo
ESP_05,0.0,3.5355,CRITICO: Queda de Press\u00e3o
ESP_04,0.0,3.5355,CRITICO: Queda de Press\u00e3o
ESP_01,5.71417,-0.505,ALERTA: Instabilidade de Fluxo
ESP_05,0.0,3.5355,CRITICO: Queda de Press\u00e3o
ESP_04,0.0,3.5355,CRITICO: Queda de Press\u00e3o
ESP_01,5.7553,-0.5341,ALERTA: Instabilidade de Fluxo
ESP_05,0.0,3.5355,CRITICO: Queda de Press\u00e3o
ESP_04,0.0,3.5355,CRITICO: Queda de Press\u00e3o
ESP_01,5.747231,-0.5284,ALERTA: Instabilidade de Fluxo
ESP_05,0.0,3.5355,CRITICO: Queda de Press\u00e3o
ESP_04,0.0,3.5355,CRITICO: Queda de Press\u00e3o
ESP_01,5.739065,-0.5226,ALERTA: Instabilidade de Fluxo
ESP_05,0.0,3.5355,CRITICO: Queda de Press\u00e3o
ESP_04,0.0,3.5355,CRITICO: Queda de Press\u00e3o
ESP_01,5.718598,-0.5081,ALERTA: Instabilidade de Fluxo
ESP_05,0.0,3.5355,CRITICO: Queda de Press\u00e3o
ESP_04,0.0,3.5355,CRITICO: Queda de Press\u00e3o
ESP_01,5.722928,-0.5112,ALERTA: Instabilidade de Fluxo
ESP_05,0.0,3.5355,CRITICO: Queda de Press\u00e3o
ESP_04,0.0,3.5355,CRITICO: Queda de Press\u00e3o
ESP_01,5.712793,-0.504,ALERTA: Instabilidade de Fluxo
ESP_05,0.0,3.5355,CRITICO: Queda de Press\u00e3o
ESP_04,0.0,3.5355,CRITICO: Queda de Press\u00e3o
ESP_01,5.756284,-0.5348,ALERTA: Instabilidade de Fluxo
ESP_05,0.0,3.5355,CRITICO: Queda de Press\u00e3o
ESP_04,0.0,3.5355,CRITICO: Queda de Press\u00e3o
ESP_01,5.748411,-0.5292,ALERTA: Instabilidade de Fluxo
ESP_05,0.0,3.5355,CRITICO: Queda de Press\u00e3o
ESP_04,0.0,3.5355,CRITICO: Queda de Press\u00e3o
ESP_01,5.740245,-0.5234,ALERTA: Instabilidade de Fluxo
ESP_05,0.0,3.5355,CRITICO: Queda de Press\u00e3o
ESP_04,0.0,3.5355,CRITICO: Queda de Press\u00e3o
ESP_01,5.730996,-0.5169,ALERTA: Instabilidade de Fluxo
ESP_05,0.0,3.5355,CRITICO: Queda de Press\u00e3o
ESP_04,0.0,3.5355,CRITICO: Queda de Press\u00e3o
ESP_01,5.724306,-0.5122,ALERTA: Instabilidade de Fluxo
ESP_05,0.0,3.5355,CRITICO: Queda de Press\u00e3o
ESP_04,0.0,3.5355,CRITICO: Queda de Press\u00e3o
ESP_01,5.713973,-0.5049,ALERTA: Instabilidade de Fluxo
ESP_05,0.0,3.5355,CRITICO: Queda de Press\u00e3o
ESP_04,0.0,3.5355,CRITICO: Queda de Press\u00e3o
ESP_01,5.757366,-0.5355,ALERTA: Instabilidade de Fluxo
ESP_05,0.0,3.5355,CRITICO: Queda de Press\u00e3o
ESP_04,0.0,3.5355,CRITICO: Queda de Press\u00e3o
ESP_01,5.749495,-0.53,ALERTA: Instabilidade de Fluxo
ESP_05,0.0,3.5355,CRITICO: Queda de Press\u00e3o
ESP_04,0.0,3.5355,CRITICO: Queda de Press\u00e3o
ESP_01,5.740737,-0.5238,ALERTA: Instabilidade de Fluxo
ESP_05,0.0,3.5355,CRITICO: Queda de Press\u00e3o
ESP_04,0.0,3.5355,CRITICO: Queda de Press\u00e3o
ESP_01,5.73257,-0.518,ALERTA: Instabilidade de Fluxo
ESP_05,0.0,3.5355,CRITICO: Queda de Press\u00e3o
ESP_04,0.0,3.5355,CRITICO: Queda de Press\u00e3o
ESP_01,5.725289,-0.5129,ALERTA: Instabilidade de Fluxo
ESP_05,0.0,3.5355,CRITICO: Queda de Press\u00e3o
ESP_04,0.0,3.5355,CRITICO: Queda de Press\u00e3o
ESP_01,5.717319,-0.5072,ALERTA: Instabilidade de Fluxo
ESP_05,0.0,3.5355,CRITICO: Queda de Press\u00e3o
ESP_04,0.0,3.5355,CRITICO: Queda de Press\u00e3o
ESP_01,5.75894,-0.5367,ALERTA: Instabilidade de Fluxo
ESP_05,0.0,3.5355,CRITICO: Queda de Press\u00e3o
ESP_04,0.0,3.5355,CRITICO: Queda de Press\u00e3o
ESP_01,5.751167,-0.5312,ALERTA: Instabilidade de Fluxo
ESP_05,0.0,3.5355,CRITICO: Queda de Press\u00e3o
ESP_04,0.0,3.5355,CRITICO: Queda de Press\u00e3o
ESP_01,5.742607,-0.5251,ALERTA: Instabilidade de Fluxo
ESP_05,0.0,3.5355,CRITICO: Queda de Press\u00e3o
ESP_04,0.0,3.5355,CRITICO: Queda de Press\u00e3o
ESP_01,5.735916,-0.5204,ALERTA: Instabilidade de Fluxo
ESP_05,0.0,3.5355,CRITICO: Queda de Press\u00e3o
ESP_04,0.0,3.5355,CRITICO: Queda de Press\u00e3o
ESP_01,5.725781,-0.5132,ALERTA: Instabilidade de Fluxo
ESP_05,0.0,3.5355,CRITICO: Queda de Press\u00e3o
ESP_04,0.0,3.5355,CRITICO: Queda de Press\u00e3o
ESP_01,5.718893,-0.5083,ALERTA: Instabilidade de Fluxo
ESP_05,0.0,3.5355,CRITICO: Queda de Press\u00e3o
ESP_04,0.0,3.5355,CRITICO: Queda de Press\u00e3o
ESP_01,5.713187,-0.5043,ALERTA: Instabilidade de Fluxo
ESP_05,0.0,3.5355,CRITICO: Queda de Press\u00e3o
ESP_04,0.0,3.5355,CRITICO: Queda de Press\u00e3o
ESP_01,5.751955,-0.5317,ALERTA: Instabilidade de Fluxo
ESP_05,0.0,3.5355,CRITICO: Queda de Press\u00e3o
ESP_04,0.0,3.5355,CRITICO: Queda de Press\u00e3o
ESP_01,5.744575,-0.5265,ALERTA: Instabilidade de Fluxo
ESP_05,0.0,3.5355,CRITICO: Queda de Press\u00e3o
ESP_04,0.0,3.5355,CRITICO: Queda de Press\u00e3o
ESP_01,5.736014,-0.5204,ALERTA: Instabilidade de Fluxo
ESP_05,0.0,3.5355,CRITICO: Queda de Press\u00e3o
ESP_04,0.0,3.5355,CRITICO: Queda de Press\u00e3o
ESP_01,5.727552,-0.5145,ALERTA: Instabilidade de Fluxo
ESP_05,0.0,3.5355,CRITICO: Queda de Press\u00e3o
ESP_04,0.0,3.5355,CRITICO: Queda de Press\u00e3o
ESP_01,5.720172,-0.5092,ALERTA: Instabilidade de Fluxo
ESP_05,0.0,3.5355,CRITICO: Queda de Press\u00e3o
ESP_04,0.0,3.5355,CRITICO: Queda de Press\u00e3o
ESP_01,5.71417,-0.505,ALERTA: Instabilidade de Fluxo
ESP_05,0.0,3.5355,CRITICO: Queda de Press\u00e3o
ESP_04,0.0,3.5355,CRITICO: Queda de Press\u00e3o
ESP_01,5.753331,-0.5327,ALERTA: Instabilidade de Fluxo
ESP_05,0.0,3.5355,CRITICO: Queda de Press\u00e3o
ESP_04,0.0,3.5355,CRITICO: Queda de Press\u00e3o
ESP_01,5.74546,-0.5271,ALERTA: Instabilidade de Fluxo
ESP_05,0.0,3.5355,CRITICO: Queda de Press\u00e3o
ESP_04,0.0,3.5355,CRITICO: Queda de Press\u00e3o
ESP_01,5.720075,-0.5092,ALERTA: Instabilidade de Fluxo
ESP_05,0.0,3.5355,CRITICO: Queda de Press\u00e3o
ESP_04,0.0,3.5355,CRITICO: Queda de Press\u00e3o
ESP_01,5.720763,-0.5097,ALERTA: Instabilidade de Fluxo
ESP_05,0.0,3.5355,CRITICO: Queda de Press\u00e3o
ESP_04,0.0,3.5355,CRITICO: Queda de Press\u00e3o
ESP_01,5.722632,-0.511,ALERTA: Instabilidade de Fluxo
ESP_05,0.0,3.5355,CRITICO: Queda de Press\u00e3o
ESP_04,0.0,3.5355,CRITICO: Queda de Press\u00e3o
ESP_01,5.714467,-0.5052,ALERTA: Instabilidade de Fluxo
ESP_05,0.0,3.5355,CRITICO: Queda de Press\u00e3o
ESP_04,0.0,3.5355,CRITICO: Queda de Press\u00e3o
ESP_01,5.754414,-0.5335,ALERTA: Instabilidade de Fluxo
ESP_05,0.0,3.5355,CRITICO: Queda de Press\u00e3o
ESP_04,0.0,3.5355,CRITICO: Queda de Press\u00e3o
ESP_01,5.746149,-0.5276,ALERTA: Instabilidade de Fluxo
ESP_05,0.0,3.5355,CRITICO: Queda de Press\u00e3o
ESP_04,0.0,3.5355,CRITICO: Queda de Press\u00e3o
ESP_01,5.738277,-0.522,ALERTA: Instabilidade de Fluxo
ESP_05,0.0,3.5355,CRITICO: Queda de Press\u00e3o
ESP_04,0.0,3.5355,CRITICO: Queda de Press\u00e3o
ESP_01,5.731193,-0.517,ALERTA: Instabilidade de Fluxo
ESP_05,0.0,3.5355,CRITICO: Queda de Press\u00e3o
ESP_04,0.0,3.5355,CRITICO: Queda de Press\u00e3o
ESP_01,5.714467,-0.5052,ALERTA: Instabilidade de Fluxo
ESP_05,0.0,3.5355,CRITICO: Queda de Press\u00e3o
ESP_04,0.0,3.5355,CRITICO: Queda de Press\u00e3o
ESP_01,5.714761,-0.5054,ALERTA: Instabilidade de Fluxo
ESP_05,0.0,3.5355,CRITICO: Queda de Press\u00e3o
ESP_04,0.0,3.5355,CRITICO: Queda de Press\u00e3o
ESP_01,5.755004,-0.5339,ALERTA: Instabilidade de Fluxo
ESP_05,0.0,3.5355,CRITICO: Queda de Press\u00e3o
ESP_04,0.0,3.5355,CRITICO: Queda de Press\u00e3o
ESP_01,5.747329,-0.5284,ALERTA: Instabilidade de Fluxo
ESP_05,0.0,3.5355,CRITICO: Queda de Press\u00e3o
ESP_04,0.0,3.5355,CRITICO: Queda de Press\u00e3o
ESP_01,5.739655,-0.523,ALERTA: Instabilidade de Fluxo
ESP_05,0.0,3.5355,CRITICO: Queda de Press\u00e3o
ESP_04,0.0,3.5355,CRITICO: Queda de Press\u00e3o
ESP_01,5.73198,-0.5176,ALERTA: Instabilidade de Fluxo
ESP_05,0.0,3.5355,CRITICO: Queda de Press\u00e3o
ESP_04,0.0,3.5355,CRITICO: Queda de Press\u00e3o
ESP_01,5.724207,-0.5121,ALERTA: Instabilidade de Fluxo
ESP_05,0.0,3.5355,CRITICO: Queda de Press\u00e3o
ESP_04,0.0,3.5355,CRITICO: Queda de Press\u00e3o
ESP_01,5.714663,-0.5053,ALERTA: Instabilidade de Fluxo
ESP_05,0.0,3.5355,CRITICO: Queda de Press\u00e3o
ESP_04,0.0,3.5355,CRITICO: Queda de Press\u00e3o
ESP_01,5.720369,-0.5094,ALERTA: Instabilidade de Fluxo
ESP_05,0.0,3.5355,CRITICO: Queda de Press\u00e3o
ESP_04,0.0,3.5355,CRITICO: Queda de Press\u00e3o
ESP_01,5.748806,-0.5295,ALERTA: Instabilidade de Fluxo
ESP_05,0.0,3.5355,CRITICO: Queda de Press\u00e3o
ESP_04,0.0,3.5355,CRITICO: Queda de Press\u00e3o
ESP_01,5.740737,-0.5238,ALERTA: Instabilidade de Fluxo
ESP_05,0.0,3.5355,CRITICO: Queda de Press\u00e3o
ESP_04,0.0,3.5355,CRITICO: Queda de Press\u00e3o
ESP_01,5.733259,-0.5185,ALERTA: Instabilidade de Fluxo
ESP_05,0.0,3.5355,CRITICO: Queda de Press\u00e3o
ESP_04,0.0,3.5355,CRITICO: Queda de Press\u00e3o
ESP_01,5.724798,-0.5125,ALERTA: Instabilidade de Fluxo
ESP_05,0.0,3.5355,CRITICO: Queda de Press\u00e3o
ESP_04,0.0,3.5355,CRITICO: Queda de Press\u00e3o
ESP_01,5.714565,-0.5053,ALERTA: Instabilidade de Fluxo
ESP_05,0.0,3.5355,CRITICO: Queda de Press\u00e3o
ESP_04,0.0,3.5355,CRITICO: Queda de Press\u00e3o
ESP_01,5.758448,-0.5363,ALERTA: Instabilidade de Fluxo
ESP_05,0.0,3.5355,CRITICO: Queda de Press\u00e3o
ESP_04,0.0,3.5355,CRITICO: Queda de Press\u00e3o
ESP_01,5.719484,-0.5088,ALERTA: Instabilidade de Fluxo
ESP_05,0.0,3.5355,CRITICO: Queda de Press\u00e3o
ESP_04,0.0,3.5355,CRITICO: Queda de Press\u00e3o
ESP_01,5.718992,-0.5084,ALERTA: Instabilidade de Fluxo
ESP_05,0.0,3.5355,CRITICO: Queda de Press\u00e3o
ESP_04,0.0,3.5355,CRITICO: Queda de Press\u00e3o
ESP_01,5.733062,-0.5184,ALERTA: Instabilidade de Fluxo
ESP_05,0.0,3.5355,CRITICO: Queda de Press\u00e3o
ESP_04,0.0,3.5355,CRITICO: Queda de Press\u00e3o
ESP_01,5.726077,-0.5134,ALERTA: Instabilidade de Fluxo
ESP_05,0.0,3.5355,CRITICO: Queda de Press\u00e3o
ESP_04,0.0,3.5355,CRITICO: Queda de Press\u00e3o
ESP_01,5.718697,-0.5082,ALERTA: Instabilidade de Fluxo
ESP_05,0.0,3.5355,CRITICO: Queda de Press\u00e3o
ESP_04,0.0,3.5355,CRITICO: Queda de Press\u00e3o
ESP_01,5.758744,-0.5365,ALERTA: Instabilidade de Fluxo
ESP_05,0.0,3.5355,CRITICO: Queda de Press\u00e3o
ESP_04,0.0,3.5355,CRITICO: Queda de Press\u00e3o
ESP_01,5.751462,-0.5314,ALERTA: Instabilidade de Fluxo
ESP_05,0.0,3.5355,CRITICO: Queda de Press\u00e3o
ESP_04,0.0,3.5355,CRITICO: Queda de Press\u00e3o
ESP_01,5.743394,-0.5257,ALERTA: Instabilidade de Fluxo
ESP_05,0.0,3.5355,CRITICO: Queda de Press\u00e3o
ESP_04,0.0,3.5355,CRITICO: Queda de Press\u00e3o
ESP_01,5.735522,-0.5201,ALERTA: Instabilidade de Fluxo
ESP_05,0.0,3.5355,CRITICO: Queda de Press\u00e3o
ESP_04,0.0,3.5355,CRITICO: Queda de Press\u00e3o
ESP_01,5.727356,-0.5143,ALERTA: Instabilidade de Fluxo
ESP_05,0.0,3.5355,CRITICO: Queda de Press\u00e3o
ESP_04,0.0,3.5355,CRITICO: Queda de Press\u00e3o
ESP_01,5.719287,-0.5086,ALERTA: Instabilidade de Fluxo
ESP_05,0.0,3.5355,CRITICO: Queda de Press\u00e3o
ESP_04,0.0,3.5355,CRITICO: Queda de Press\u00e3o
ESP_01,5.75953,-0.5371,ALERTA: Instabilidade de Fluxo
ESP_05,0.0,3.5355,CRITICO: Queda de Press\u00e3o
ESP_04,0.0,3.5355,CRITICO: Queda de Press\u00e3o
ESP_01,5.753135,-0.5325,ALERTA: Instabilidade de Fluxo
ESP_05,0.0,3.5355,CRITICO: Queda de Press\u00e3o
ESP_04,0.0,3.5355,CRITICO: Queda de Press\u00e3o
ESP_01,5.744575,-0.5265,ALERTA: Instabilidade de Fluxo
ESP_05,0.0,3.5355,CRITICO: Queda de Press\u00e3o
ESP_04,0.0,3.5355,CRITICO: Queda de Press\u00e3o
ESP_01,5.736211,-0.5206,ALERTA: Instabilidade de Fluxo
ESP_05,0.0,3.5355,CRITICO: Queda de Press\u00e3o
ESP_04,0.0,3.5355,CRITICO: Queda de Press\u00e3o
ESP_01,5.727946,-0.5147,ALERTA: Instabilidade de Fluxo
ESP_05,0.0,3.5355,CRITICO: Queda de Press\u00e3o
ESP_04,0.0,3.5355,CRITICO: Queda de Press\u00e3o
ESP_01,5.721058,-0.5099,ALERTA: Instabilidade de Fluxo
ESP_05,0.0,3.5355,CRITICO: Queda de Press\u00e3o
ESP_04,0.0,3.5355,CRITICO: Queda de Press\u00e3o
ESP_01,5.714565,-0.5053,ALERTA: Instabilidade de Fluxo
ESP_05,0.0,3.5355,CRITICO: Queda de Press\u00e3o
ESP_04,0.0,3.5355,CRITICO: Queda de Press\u00e3o
ESP_01,5.75402,-0.5332,ALERTA: Instabilidade de Fluxo
ESP_05,0.0,3.5355,CRITICO: Queda de Press\u00e3o
ESP_04,0.0,3.5355,CRITICO: Queda de Press\u00e3o
ESP_01,5.745165,-0.5269,ALERTA: Instabilidade de Fluxo
ESP_05,0.0,3.5355,CRITICO: Queda de Press\u00e3o
ESP_04,0.0,3.5355,CRITICO: Queda de Press\u00e3o
ESP_01,5.736801,-0.521,ALERTA: Instabilidade de Fluxo
ESP_05,0.0,3.5355,CRITICO: Queda de Press\u00e3o
ESP_04,0.0,3.5355,CRITICO: Queda de Press\u00e3o
ESP_01,5.729815,-0.5161,ALERTA: Instabilidade de Fluxo
ESP_05,0.0,3.5355,CRITICO: Queda de Press\u00e3o
ESP_04,0.0,3.5355,CRITICO: Queda de Press\u00e3o
ESP_01,5.720861,-0.5097,ALERTA: Instabilidade de Fluxo
ESP_05,0.0,3.5355,CRITICO: Queda de Press\u00e3o
ESP_04,0.0,3.5355,CRITICO: Queda de Press\u00e3o
ESP_01,5.713876,-0.5048,ALERTA: Instabilidade de Fluxo
ESP_05,0.0,3.5355,CRITICO: Queda de Press\u00e3o
ESP_04,0.0,3.5355,CRITICO: Queda de Press\u00e3o
ESP_01,5.753824,-0.533,ALERTA: Instabilidade de Fluxo
ESP_05,0.0,3.5355,CRITICO: Queda de Press\u00e3o
ESP_04,0.0,3.5355,CRITICO: Queda de Press\u00e3o
ESP_01,5.718992,-0.5084,ALERTA: Instabilidade de Fluxo
ESP_05,0.0,3.5355,CRITICO: Queda de Press\u00e3o
ESP_04,0.0,3.5355,CRITICO: Queda de Press\u00e3o
ESP_01,5.738474,-0.5222,ALERTA: Instabilidade de Fluxo
ESP_05,0.0,3.5355,CRITICO: Queda de Press\u00e3o
ESP_04,0.0,3.5355,CRITICO: Queda de Press\u00e3o
ESP_01,5.730701,-0.5167,ALERTA: Instabilidade de Fluxo
ESP_05,0.0,3.5355,CRITICO: Queda de Press\u00e3o
ESP_04,0.0,3.5355,CRITICO: Queda de Press\u00e3o
ESP_01,5.723125,-0.5113,ALERTA: Instabilidade de Fluxo
ESP_05,0.0,3.5355,CRITICO: Queda de Press\u00e3o
ESP_04,0.0,3.5355,CRITICO: Queda de Press\u00e3o
ESP_01,5.715056,-0.5056,ALERTA: Instabilidade de Fluxo
ESP_05,0.0,3.5355,CRITICO: Queda de Press\u00e3o
ESP_04,0.0,3.5355,CRITICO: Queda de Press\u00e3o
ESP_01,5.7553,-0.5341,ALERTA: Instabilidade de Fluxo
ESP_05,0.0,3.5355,CRITICO: Queda de Press\u00e3o
ESP_04,0.0,3.5355,CRITICO: Queda de Press\u00e3o
ESP_01,5.746838,-0.5281,ALERTA: Instabilidade de Fluxo
ESP_05,0.0,3.5355,CRITICO: Queda de Press\u00e3o
ESP_04,0.0,3.5355,CRITICO: Queda de Press\u00e3o
ESP_01,5.739163,-0.5227,ALERTA: Instabilidade de Fluxo
ESP_05,0.0,3.5355,CRITICO: Queda de Press\u00e3o
ESP_04,0.0,3.5355,CRITICO: Queda de Press\u00e3o
ESP_01,5.731882,-0.5175,ALERTA: Instabilidade de Fluxo
ESP_05,0.0,3.5355,CRITICO: Queda de Press\u00e3o
ESP_04,0.0,3.5355,CRITICO: Queda de Press\u00e3o
ESP_01,5.723321,-0.5115,ALERTA: Instabilidade de Fluxo
ESP_05,0.0,3.5355,CRITICO: Queda de Press\u00e3o
ESP_04,0.0,3.5355,CRITICO: Queda de Press\u00e3o
ESP_01,5.715351,-0.5058,ALERTA: Instabilidade de Fluxo
ESP_05,0.0,3.5355,CRITICO: Queda de Press\u00e3o
ESP_04,0.0,3.5355,CRITICO: Queda de Press\u00e3o
ESP_01,5.755989,-0.5346,ALERTA: Instabilidade de Fluxo
ESP_05,0.0,3.5355,CRITICO: Queda de Press\u00e3o
ESP_04,0.0,3.5355,CRITICO: Queda de Press\u00e3o
ESP_01,5.748116,-0.529,ALERTA: Instabilidade de Fluxo
ESP_05,0.0,3.5355,CRITICO: Queda de Press\u00e3o
ESP_04,0.0,3.5355,CRITICO: Queda de Press\u00e3o
ESP_01,5.739851,-0.5232,ALERTA: Instabilidade de Fluxo
ESP_05,0.0,3.5355,CRITICO: Queda de Press\u00e3o
ESP_04,0.0,3.5355,CRITICO: Queda de Press\u00e3o
ESP_01,5.73198,-0.5176,ALERTA: Instabilidade de Fluxo
ESP_05,0.0,3.5355,CRITICO: Queda de Press\u00e3o
ESP_04,0.0,3.5355,CRITICO: Queda de Press\u00e3o
ESP_01,5.724798,-0.5125,ALERTA: Instabilidade de Fluxo
ESP_05,0.0,3.5355,CRITICO: Queda de Press\u00e3o
ESP_04,0.0,3.5355,CRITICO: Queda de Press\u00e3o
ESP_01,5.716237,-0.5065,ALERTA: Instabilidade de Fluxo
ESP_05,0.0,3.5355,CRITICO: Queda de Press\u00e3o
ESP_04,0.0,3.5355,CRITICO: Queda de Press\u00e3o
ESP_01,5.757563,-0.5357,ALERTA: Instabilidade de Fluxo
ESP_05,0.0,3.5355,CRITICO: Queda de Press\u00e3o
ESP_04,0.0,3.5355,CRITICO: Queda de Press\u00e3o
ESP_01,5.749396,-0.5299,ALERTA: Instabilidade de Fluxo
ESP_05,0.0,3.5355,CRITICO: Queda de Press\u00e3o
ESP_04,0.0,3.5355,CRITICO: Queda de Press\u00e3o
ESP_01,5.74182,-0.5245,ALERTA: Instabilidade de Fluxo
ESP_05,0.0,3.5355,CRITICO: Queda de Press\u00e3o
ESP_04,0.0,3.5355,CRITICO: Queda de Press\u00e3o
ESP_01,5.734046,-0.519,ALERTA: Instabilidade de Fluxo
ESP_05,0.0,3.5355,CRITICO: Queda de Press\u00e3o
ESP_04,0.0,3.5355,CRITICO: Queda de Press\u00e3o
ESP_01,5.725978,-0.5133,ALERTA: Instabilidade de Fluxo
ESP_05,0.0,3.5355,CRITICO: Queda de Press\u00e3o
ESP_04,0.0,3.5355,CRITICO: Queda de Press\u00e3o
ESP_01,5.719189,-0.5085,ALERTA: Instabilidade de Fluxo
ESP_05,0.0,3.5355,CRITICO: Queda de Press\u00e3o
ESP_04,0.0,3.5355,CRITICO: Queda de Press\u00e3o
ESP_01,5.758349,-0.5362,ALERTA: Instabilidade de Fluxo
ESP_05,0.0,3.5355,CRITICO: Queda de Press\u00e3o
ESP_04,0.0,3.5355,CRITICO: Queda de Press\u00e3o
ESP_01,5.75097,-0.531,ALERTA: Instabilidade de Fluxo
ESP_05,0.0,3.5355,CRITICO: Queda de Press\u00e3o
ESP_04,0.0,3.5355,CRITICO: Queda de Press\u00e3o
ESP_01,5.743295,-0.5256,ALERTA: Instabilidade de Fluxo
ESP_05,0.0,3.5355,CRITICO: Queda de Press\u00e3o
ESP_04,0.0,3.5355,CRITICO: Queda de Press\u00e3o
ESP_01,5.735522,-0.5201,ALERTA: Instabilidade de Fluxo
ESP_05,0.0,3.5355,CRITICO: Queda de Press\u00e3o
ESP_04,0.0,3.5355,CRITICO: Queda de Press\u00e3o
ESP_01,5.727749,-0.5146,ALERTA: Instabilidade de Fluxo
ESP_05,0.0,3.5355,CRITICO: Queda de Press\u00e3o
ESP_04,0.0,3.5355,CRITICO: Queda de Press\u00e3o
ESP_01,5.719386,-0.5087,ALERTA: Instabilidade de Fluxo
ESP_05,0.0,3.5355,CRITICO: Queda de Press\u00e3o
ESP_04,0.0,3.5355,CRITICO: Queda de Press\u00e3o
ESP_01,5.75953,-0.5371,ALERTA: Instabilidade de Fluxo
ESP_05,0.0,3.5355,CRITICO: Queda de Press\u00e3o
ESP_04,0.0,3.5355,CRITICO: Queda de Press\u00e3o
ESP_01,5.752151,-0.5319,ALERTA: Instabilidade de Fluxo
ESP_05,0.0,3.5355,CRITICO: Queda de Press\u00e3o
ESP_04,0.0,3.5355,CRITICO: Queda de Press\u00e3o
ESP_01,5.743394,-0.5257,ALERTA: Instabilidade de Fluxo
ESP_05,0.0,3.5355,CRITICO: Queda de Press\u00e3o
ESP_04,0.0,3.5355,CRITICO: Queda de Press\u00e3o
ESP_01,5.735916,-0.5204,ALERTA: Instabilidade de Fluxo
ESP_05,0.0,3.5355,CRITICO: Queda de Press\u00e3o
ESP_04,0.0,3.5355,CRITICO: Queda de Press\u00e3o
ESP_01,5.728536,-0.5152,ALERTA: Instabilidade de Fluxo
ESP_05,0.0,3.5355,CRITICO: Queda de Press\u00e3o
ESP_04,0.0,3.5355,CRITICO: Queda de Press\u00e3o
ESP_01,5.720469,-0.5094,ALERTA: Instabilidade de Fluxo
ESP_05,0.0,3.5355,CRITICO: Queda de Press\u00e3o
ESP_04,0.0,3.5355,CRITICO: Queda de Press\u00e3o
ESP_01,5.716237,-0.5065,ALERTA: Instabilidade de Fluxo
ESP_05,0.0,3.5355,CRITICO: Queda de Press\u00e3o
ESP_04,0.0,3.5355,CRITICO: Queda de Press\u00e3o
ESP_01,5.753135,-0.5325,ALERTA: Instabilidade de Fluxo
ESP_05,0.0,3.5355,CRITICO: Queda de Press\u00e3o
ESP_04,0.0,3.5355,CRITICO: Queda de Press\u00e3o
ESP_01,5.745361,-0.527,ALERTA: Instabilidade de Fluxo
ESP_05,0.0,3.5355,CRITICO: Queda de Press\u00e3o
ESP_04,0.0,3.5355,CRITICO: Queda de Press\u00e3o
ESP_01,5.737687,-0.5216,ALERTA: Instabilidade de Fluxo
ESP_05,0.0,3.5355,CRITICO: Queda de Press\u00e3o
ESP_04,0.0,3.5355,CRITICO: Queda de Press\u00e3o
ESP_01,5.729618,-0.5159,ALERTA: Instabilidade de Fluxo
ESP_05,0.0,3.5355,CRITICO: Queda de Press\u00e3o
ESP_04,0.0,3.5355,CRITICO: Queda de Press\u00e3o
ESP_01,5.721747,-0.5104,ALERTA: Instabilidade de Fluxo
ESP_05,0.0,3.5355,CRITICO: Queda de Press\u00e3o
ESP_04,0.0,3.5355,CRITICO: Queda de Press\u00e3o
ESP_01,5.715449,-0.5059,ALERTA: Instabilidade de Fluxo
ESP_05,0.0,3.5355,CRITICO: Queda de Press\u00e3o
ESP_04,0.0,3.5355,CRITICO: Queda de Press\u00e3o
ESP_01,5.754118,-0.5332,ALERTA: Instabilidade de Fluxo
ESP_05,0.0,3.5355,CRITICO: Queda de Press\u00e3o
ESP_04,0.0,3.5355,CRITICO: Queda de Press\u00e3o
ESP_01,5.745558,-0.5272,ALERTA: Instabilidade de Fluxo
ESP_05,0.0,3.5355,CRITICO: Queda de Press\u00e3o
ESP_04,0.0,3.5355,CRITICO: Queda de Press\u00e3o
ESP_01,5.738769,-0.5224,ALERTA: Instabilidade de Fluxo
ESP_05,0.0,3.5355,CRITICO: Queda de Press\u00e3o
ESP_04,0.0,3.5355,CRITICO: Queda de Press\u00e3o
ESP_01,5.7308,-0.5168,ALERTA: Instabilidade de Fluxo
ESP_05,0.0,3.5355,CRITICO: Queda de Press\u00e3o
ESP_04,0.0,3.5355,CRITICO: Queda de Press\u00e3o
ESP_01,5.723321,-0.5115,ALERTA: Instabilidade de Fluxo
ESP_05,0.0,3.5355,CRITICO: Queda de Press\u00e3o
ESP_04,0.0,3.5355,CRITICO: Queda de Press\u00e3o
ESP_01,5.715449,-0.5059,ALERTA: Instabilidade de Fluxo
ESP_05,0.0,3.5355,CRITICO: Queda de Press\u00e3o
ESP_04,0.0,3.5355,CRITICO: Queda de Press\u00e3o
ESP_01,5.754807,-0.5337,ALERTA: Instabilidade de Fluxo
ESP_05,0.0,3.5355,CRITICO: Queda de Press\u00e3o
ESP_04,0.0,3.5355,CRITICO: Queda de Press\u00e3o
ESP_01,5.747724,-0.5287,ALERTA: Instabilidade de Fluxo
ESP_05,0.0,3.5355,CRITICO: Queda de Press\u00e3o
ESP_04,0.0,3.5355,CRITICO: Queda de Press\u00e3o
ESP_01,5.740048,-0.5233,ALERTA: Instabilidade de Fluxo
ESP_05,0.0,3.5355,CRITICO: Queda de Press\u00e3o
ESP_04,0.0,3.5355,CRITICO: Queda de Press\u00e3o
ESP_01,5.731783,-0.5174,ALERTA: Instabilidade de Fluxo
ESP_05,0.0,3.5355,CRITICO: Queda de Press\u00e3o
ESP_04,0.0,3.5355,CRITICO: Queda de Press\u00e3o
ESP_01,5.724502,-0.5123,ALERTA: Instabilidade de Fluxo
ESP_05,0.0,3.5355,CRITICO: Queda de Press\u00e3o
ESP_04,0.0,3.5355,CRITICO: Queda de Press\u00e3o
ESP_01,5.715252,-0.5058,ALERTA: Instabilidade de Fluxo
ESP_05,0.0,3.5355,CRITICO: Queda de Press\u00e3o
ESP_04,0.0,3.5355,CRITICO: Queda de Press\u00e3o
ESP_01,5.755496,-0.5342,ALERTA: Instabilidade de Fluxo
ESP_05,0.0,3.5355,CRITICO: Queda de Press\u00e3o
ESP_04,0.0,3.5355,CRITICO: Queda de Press\u00e3o
ESP_01,5.748116,-0.529,ALERTA: Instabilidade de Fluxo
ESP_05,0.0,3.5355,CRITICO: Queda de Press\u00e3o
ESP_04,0.0,3.5355,CRITICO: Queda de Press\u00e3o
ESP_01,5.740737,-0.5238,ALERTA: Instabilidade de Fluxo
ESP_05,0.0,3.5355,CRITICO: Queda de Press\u00e3o
ESP_04,0.0,3.5355,CRITICO: Queda de Press\u00e3o
ESP_01,5.732471,-0.5179,ALERTA: Instabilidade de Fluxo
ESP_05,0.0,3.5355,CRITICO: Queda de Press\u00e3o
ESP_04,0.0,3.5355,CRITICO: Queda de Press\u00e3o
ESP_01,5.724798,-0.5125,ALERTA: Instabilidade de Fluxo
ESP_05,0.0,3.5355,CRITICO: Queda de Press\u00e3o
ESP_04,0.0,3.5355,CRITICO: Queda de Press\u00e3o
ESP_01,5.716434,-0.5066,ALERTA: Instabilidade de Fluxo
ESP_05,0.0,3.5355,CRITICO: Queda de Press\u00e3o
ESP_04,0.0,3.5355,CRITICO: Queda de Press\u00e3o
ESP_01,5.75648,-0.5349,ALERTA: Instabilidade de Fluxo
ESP_05,0.0,3.5355,CRITICO: Queda de Press\u00e3o
ESP_04,0.0,3.5355,CRITICO: Queda de Press\u00e3o
ESP_01,5.749593,-0.53,ALERTA: Instabilidade de Fluxo
ESP_05,0.0,3.5355,CRITICO: Queda de Press\u00e3o
ESP_04,0.0,3.5355,CRITICO: Queda de Press\u00e3o
ESP_01,5.741622,-0.5244,ALERTA: Instabilidade de Fluxo
ESP_05,0.0,3.5355,CRITICO: Queda de Press\u00e3o
ESP_04,0.0,3.5355,CRITICO: Queda de Press\u00e3o
ESP_01,5.734046,-0.519,ALERTA: Instabilidade de Fluxo
ESP_05,0.0,3.5355,CRITICO: Queda de Press\u00e3o
ESP_04,0.0,3.5355,CRITICO: Queda de Press\u00e3o
ESP_01,5.726371,-0.5136,ALERTA: Instabilidade de Fluxo
ESP_05,0.0,3.5355,CRITICO: Queda de Press\u00e3o
ESP_04,0.0,3.5355,CRITICO: Queda de Press\u00e3o
ESP_01,5.716335,-0.5065,ALERTA: Instabilidade de Fluxo
ESP_05,0.0,3.5355,CRITICO: Queda de Press\u00e3o
ESP_04,0.0,3.5355,CRITICO: Queda de Press\u00e3o
ESP_01,5.759137,-0.5368,ALERTA: Instabilidade de Fluxo
ESP_05,0.0,3.5355,CRITICO: Queda de Press\u00e3o
ESP_04,0.0,3.5355,CRITICO: Queda de Press\u00e3o
ESP_01,5.750773,-0.5309,ALERTA: Instabilidade de Fluxo
ESP_05,0.0,3.5355,CRITICO: Queda de Press\u00e3o
ESP_04,0.0,3.5355,CRITICO: Queda de Press\u00e3o
ESP_01,5.743197,-0.5255,ALERTA: Instabilidade de Fluxo
ESP_05,0.0,3.5355,CRITICO: Queda de Press\u00e3o
ESP_04,0.0,3.5355,CRITICO: Queda de Press\u00e3o
ESP_01,5.735425,-0.52,ALERTA: Instabilidade de Fluxo
ESP_05,0.0,3.5355,CRITICO: Queda de Press\u00e3o
ESP_04,0.0,3.5355,CRITICO: Queda de Press\u00e3o
ESP_01,5.727946,-0.5147,ALERTA: Instabilidade de Fluxo
ESP_05,0.0,3.5355,CRITICO: Queda de Press\u00e3o
ESP_04,0.0,3.5355,CRITICO: Queda de Press\u00e3o
ESP_01,5.719582,-0.5088,ALERTA: Instabilidade de Fluxo
ESP_05,0.0,3.5355,CRITICO: Queda de Press\u00e3o
ESP_04,0.0,3.5355,CRITICO: Queda de Press\u00e3o
ESP_01,5.758645,-0.5364,ALERTA: Instabilidade de Fluxo
ESP_05,0.0,3.5355,CRITICO: Queda de Press\u00e3o
ESP_04,0.0,3.5355,CRITICO: Queda de Press\u00e3o
ESP_01,5.751659,-0.5315,ALERTA: Instabilidade de Fluxo
ESP_05,0.0,3.5355,CRITICO: Queda de Press\u00e3o
ESP_04,0.0,3.5355,CRITICO: Queda de Press\u00e3o
ESP_01,5.743689,-0.5259,ALERTA: Instabilidade de Fluxo
ESP_05,0.0,3.5355,CRITICO: Queda de Press\u00e3o
ESP_04,0.0,3.5355,CRITICO: Queda de Press\u00e3o
ESP_01,5.736507,-0.5208,ALERTA: Instabilidade de Fluxo
ESP_05,0.0,3.5355,CRITICO: Queda de Press\u00e3o
ESP_04,0.0,3.5355,CRITICO: Queda de Press\u00e3o
ESP_01,5.728536,-0.5152,ALERTA: Instabilidade de Fluxo
ESP_05,0.0,3.5355,CRITICO: Queda de Press\u00e3o
ESP_04,0.0,3.5355,CRITICO: Queda de Press\u00e3o
ESP_01,5.72096,-0.5098,ALERTA: Instabilidade de Fluxo
ESP_05,0.0,3.5355,CRITICO: Queda de Press\u00e3o
ESP_04,0.0,3.5355,CRITICO: Queda de Press\u00e3o
ESP_01,5.715942,-0.5062,ALERTA: Instabilidade de Fluxo
ESP_05,0.0,3.5355,CRITICO: Queda de Press\u00e3o
ESP_04,0.0,3.5355,CRITICO: Queda de Press\u00e3o
ESP_01,5.752545,-0.5321,ALERTA: Instabilidade de Fluxo
ESP_05,0.0,3.5355,CRITICO: Queda de Press\u00e3o
ESP_04,0.0,3.5355,CRITICO: Queda de Press\u00e3o
ESP_01,5.745558,-0.5272,ALERTA: Instabilidade de Fluxo
ESP_05,0.0,3.5355,CRITICO: Queda de Press\u00e3o
ESP_04,0.0,3.5355,CRITICO: Queda de Press\u00e3o
ESP_01,5.737391,-0.5214,ALERTA: Instabilidade de Fluxo
ESP_05,0.0,3.5355,CRITICO: Queda de Press\u00e3o
ESP_04,0.0,3.5355,CRITICO: Queda de Press\u00e3o
ESP_01,5.729422,-0.5158,ALERTA: Instabilidade de Fluxo
ESP_05,0.0,3.5355,CRITICO: Queda de Press\u00e3o
ESP_04,0.0,3.5355,CRITICO: Queda de Press\u00e3o
ESP_01,5.722042,-0.5106,ALERTA: Instabilidade de Fluxo
ESP_05,0.0,3.5355,CRITICO: Queda de Press\u00e3o
ESP_04,0.0,3.5355,CRITICO: Queda de Press\u00e3o
ESP_01,5.716335,-0.5065,ALERTA: Instabilidade de Fluxo
ESP_05,0.0,3.5355,CRITICO: Queda de Press\u00e3o
ESP_04,0.0,3.5355,CRITICO: Queda de Press\u00e3o
ESP_01,5.753627,-0.5329,ALERTA: Instabilidade de Fluxo
ESP_05,0.0,3.5355,CRITICO: Queda de Press\u00e3o
ESP_04,0.0,3.5355,CRITICO: Queda de Press\u00e3o
ESP_01,5.746444,-0.5278,ALERTA: Instabilidade de Fluxo
ESP_05,0.0,3.5355,CRITICO: Queda de Press\u00e3o
ESP_04,0.0,3.5355,CRITICO: Queda de Press\u00e3o
ESP_01,5.738572,-0.5222,ALERTA: Instabilidade de Fluxo
ESP_05,0.0,3.5355,CRITICO: Queda de Press\u00e3o
ESP_04,0.0,3.5355,CRITICO: Queda de Press\u00e3o
ESP_01,5.730505,-0.5165,ALERTA: Instabilidade de Fluxo
ESP_05,0.0,3.5355,CRITICO: Queda de Press\u00e3o
ESP_04,0.0,3.5355,CRITICO: Queda de Press\u00e3o
ESP_01,5.723027,-0.5113,ALERTA: Instabilidade de Fluxo
ESP_05,0.0,3.5355,CRITICO: Queda de Press\u00e3o
ESP_04,0.0,3.5355,CRITICO: Queda de Press\u00e3o
ESP_01,5.716237,-0.5065,ALERTA: Instabilidade de Fluxo
ESP_05,0.0,3.5355,CRITICO: Queda de Press\u00e3o
ESP_04,0.0,3.5355,CRITICO: Queda de Press\u00e3o
ESP_01,5.754906,-0.5338,ALERTA: Instabilidade de Fluxo
ESP_05,0.0,3.5355,CRITICO: Queda de Press\u00e3o
ESP_04,0.0,3.5355,CRITICO: Queda de Press\u00e3o
ESP_01,5.747231,-0.5284,ALERTA: Instabilidade de Fluxo
ESP_05,0.0,3.5355,CRITICO: Queda de Press\u00e3o
ESP_04,0.0,3.5355,CRITICO: Queda de Press\u00e3o
ESP_01,5.740147,-0.5234,ALERTA: Instabilidade de Fluxo
ESP_05,0.0,3.5355,CRITICO: Queda de Press\u00e3o
ESP_04,0.0,3.5355,CRITICO: Queda de Press\u00e3o
ESP_01,5.732177,-0.5177,ALERTA: Instabilidade de Fluxo
ESP_05,0.0,3.5355,CRITICO: Queda de Press\u00e3o
ESP_04,0.0,3.5355,CRITICO: Queda de Press\u00e3o
ESP_01,5.724207,-0.5121,ALERTA: Instabilidade de Fluxo
ESP_05,0.0,3.5355,CRITICO: Queda de Press\u00e3o
ESP_04,0.0,3.5355,CRITICO: Queda de Press\u00e3o
ESP_01,5.716237,-0.5065,ALERTA: Instabilidade de Fluxo
ESP_05,0.0,3.5355,CRITICO: Queda de Press\u00e3o
ESP_04,0.0,3.5355,CRITICO: Queda de Press\u00e3o
ESP_01,5.755595,-0.5343,ALERTA: Instabilidade de Fluxo
ESP_05,0.0,3.5355,CRITICO: Queda de Press\u00e3o
ESP_04,0.0,3.5355,CRITICO: Queda de Press\u00e3o
ESP_01,5.74851,-0.5293,ALERTA: Instabilidade de Fluxo
ESP_05,0.0,3.5355,CRITICO: Queda de Press\u00e3o
ESP_04,0.0,3.5355,CRITICO: Queda de Press\u00e3o
ESP_01,5.740541,-0.5236,ALERTA: Instabilidade de Fluxo
ESP_05,0.0,3.5355,CRITICO: Queda de Press\u00e3o
ESP_04,0.0,3.5355,CRITICO: Queda de Press\u00e3o
ESP_01,5.733358,-0.5186,ALERTA: Instabilidade de Fluxo
ESP_05,0.0,3.5355,CRITICO: Queda de Press\u00e3o
ESP_04,0.0,3.5355,CRITICO: Queda de Press\u00e3o
ESP_01,5.724995,-0.5126,ALERTA: Instabilidade de Fluxo
ESP_05,0.0,3.5355,CRITICO: Queda de Press\u00e3o
ESP_04,0.0,3.5355,CRITICO: Queda de Press\u00e3o
ESP_01,5.716434,-0.5066,ALERTA: Instabilidade de Fluxo
ESP_05,0.0,3.5355,CRITICO: Queda de Press\u00e3o
ESP_04,0.0,3.5355,CRITICO: Queda de Press\u00e3o
ESP_01,5.756086,-0.5346,ALERTA: Instabilidade de Fluxo
ESP_05,0.0,3.5355,CRITICO: Queda de Press\u00e3o
ESP_04,0.0,3.5355,CRITICO: Queda de Press\u00e3o
ESP_01,5.749691,-0.5301,ALERTA: Instabilidade de Fluxo
ESP_05,0.0,3.5355,CRITICO: Queda de Press\u00e3o
ESP_04,0.0,3.5355,CRITICO: Queda de Press\u00e3o
ESP_01,5.74182,-0.5245,ALERTA: Instabilidade de Fluxo
ESP_05,0.0,3.5355,CRITICO: Queda de Press\u00e3o
ESP_04,0.0,3.5355,CRITICO: Queda de Press\u00e3o
ESP_01,5.734046,-0.519,ALERTA: Instabilidade de Fluxo
ESP_05,0.0,3.5355,CRITICO: Queda de Press\u00e3o
ESP_04,0.0,3.5355,CRITICO: Queda de Press\u00e3o
ESP_01,5.726568,-0.5138,ALERTA: Instabilidade de Fluxo
ESP_05,0.0,3.5355,CRITICO: Queda de Press\u00e3o
ESP_04,0.0,3.5355,CRITICO: Queda de Press\u00e3o
ESP_01,5.716729,-0.5068,ALERTA: Instabilidade de Fluxo
ESP_05,0.0,3.5355,CRITICO: Queda de Press\u00e3o
ESP_04,0.0,3.5355,CRITICO: Queda de Press\u00e3o
ESP_01,5.722928,-0.5112,ALERTA: Instabilidade de Fluxo
ESP_05,0.0,3.5355,CRITICO: Queda de Press\u00e3o
ESP_04,0.0,3.5355,CRITICO: Queda de Press\u00e3o
ESP_01,5.749789,-0.5302,ALERTA: Instabilidade de Fluxo
ESP_05,0.0,3.5355,CRITICO: Queda de Press\u00e3o
ESP_04,0.0,3.5355,CRITICO: Queda de Press\u00e3o
ESP_01,5.742508,-0.525,ALERTA: Instabilidade de Fluxo
ESP_05,0.0,3.5355,CRITICO: Queda de Press\u00e3o
ESP_04,0.0,3.5355,CRITICO: Queda de Press\u00e3o
ESP_01,5.735129,-0.5198,ALERTA: Instabilidade de Fluxo
ESP_05,0.0,3.5355,CRITICO: Queda de Press\u00e3o
ESP_04,0.0,3.5355,CRITICO: Queda de Press\u00e3o
ESP_01,5.727159,-0.5142,ALERTA: Instabilidade de Fluxo
ESP_05,0.0,3.5355,CRITICO: Queda de Press\u00e3o
ESP_04,0.0,3.5355,CRITICO: Queda de Press\u00e3o
ESP_01,5.71968,-0.5089,ALERTA: Instabilidade de Fluxo
ESP_05,0.0,3.5355,CRITICO: Queda de Press\u00e3o
ESP_04,0.0,3.5355,CRITICO: Queda de Press\u00e3o
ESP_01,5.759235,-0.5369,ALERTA: Instabilidade de Fluxo
ESP_05,0.0,3.5355,CRITICO: Queda de Press\u00e3o
ESP_04,0.0,3.5355,CRITICO: Queda de Press\u00e3o
ESP_01,5.751167,-0.5312,ALERTA: Instabilidade de Fluxo
ESP_05,0.0,3.5355,CRITICO: Queda de Press\u00e3o
ESP_04,0.0,3.5355,CRITICO: Queda de Press\u00e3o
ESP_01,5.743787,-0.5259,ALERTA: Instabilidade de Fluxo
ESP_05,0.0,3.5355,CRITICO: Queda de Press\u00e3o
ESP_04,0.0,3.5355,CRITICO: Queda de Press\u00e3o
ESP_01,5.736703,-0.5209,ALERTA: Instabilidade de Fluxo
ESP_05,0.0,3.5355,CRITICO: Queda de Press\u00e3o
ESP_04,0.0,3.5355,CRITICO: Queda de Press\u00e3o
ESP_01,5.729324,-0.5157,ALERTA: Instabilidade de Fluxo
ESP_05,0.0,3.5355,CRITICO: Queda de Press\u00e3o
ESP_04,0.0,3.5355,CRITICO: Queda de Press\u00e3o
ESP_01,5.720763,-0.5097,ALERTA: Instabilidade de Fluxo
ESP_05,0.0,3.5355,CRITICO: Queda de Press\u00e3o
ESP_04,0.0,3.5355,CRITICO: Queda de Press\u00e3o
ESP_01,5.72096,-0.5098,ALERTA: Instabilidade de Fluxo
ESP_05,0.0,3.5355,CRITICO: Queda de Press\u00e3o
ESP_04,0.0,3.5355,CRITICO: Queda de Press\u00e3o
ESP_01,5.752446,-0.5321,ALERTA: Instabilidade de Fluxo
ESP_05,0.0,3.5355,CRITICO: Queda de Press\u00e3o
ESP_04,0.0,3.5355,CRITICO: Queda de Press\u00e3o
ESP_01,5.745165,-0.5269,ALERTA: Instabilidade de Fluxo
ESP_05,0.0,3.5355,CRITICO: Queda de Press\u00e3o
ESP_04,0.0,3.5355,CRITICO: Queda de Press\u00e3o
ESP_01,5.73749,-0.5215,ALERTA: Instabilidade de Fluxo
ESP_05,0.0,3.5355,CRITICO: Queda de Press\u00e3o
ESP_04,0.0,3.5355,CRITICO: Queda de Press\u00e3o
ESP_01,5.729422,-0.5158,ALERTA: Instabilidade de Fluxo
ESP_05,0.0,3.5355,CRITICO: Queda de Press\u00e3o
ESP_04,0.0,3.5355,CRITICO: Queda de Press\u00e3o
ESP_01,5.721747,-0.5104,ALERTA: Instabilidade de Fluxo
ESP_05,0.0,3.5355,CRITICO: Queda de Press\u00e3o
ESP_04,0.0,3.5355,CRITICO: Queda de Press\u00e3o
ESP_01,5.716729,-0.5068,ALERTA: Instabilidade de Fluxo
ESP_05,0.0,3.5355,CRITICO: Queda de Press\u00e3o
ESP_04,0.0,3.5355,CRITICO: Queda de Press\u00e3o
ESP_01,5.753036,-0.5325,ALERTA: Instabilidade de Fluxo
ESP_05,0.0,3.5355,CRITICO: Queda de Press\u00e3o
ESP_04,0.0,3.5355,CRITICO: Queda de Press\u00e3o
ESP_01,5.71663,-0.5067,ALERTA: Instabilidade de Fluxo
ESP_05,0.0,3.5355,CRITICO: Queda de Press\u00e3o
ESP_04,0.0,3.5355,CRITICO: Queda de Press\u00e3o
ESP_01,5.737884,-0.5218,ALERTA: Instabilidade de Fluxo
ESP_05,0.0,3.5355,CRITICO: Queda de Press\u00e3o
ESP_04,0.0,3.5355,CRITICO: Queda de Press\u00e3o
ESP_01,5.730505,-0.5165,ALERTA: Instabilidade de Fluxo
ESP_05,0.0,3.5355,CRITICO: Queda de Press\u00e3o
ESP_04,0.0,3.5355,CRITICO: Queda de Press\u00e3o
ESP_01,5.722731,-0.511,ALERTA: Instabilidade de Fluxo
ESP_05,0.0,3.5355,CRITICO: Queda de Press\u00e3o
ESP_04,0.0,3.5355,CRITICO: Queda de Press\u00e3o
ESP_01,5.716335,-0.5065,ALERTA: Instabilidade de Fluxo
ESP_05,0.0,3.5355,CRITICO: Queda de Press\u00e3o
ESP_04,0.0,3.5355,CRITICO: Queda de Press\u00e3o
ESP_01,5.75461,-0.5336,ALERTA: Instabilidade de Fluxo
ESP_05,0.0,3.5355,CRITICO: Queda de Press\u00e3o
ESP_04,0.0,3.5355,CRITICO: Queda de Press\u00e3o
ESP_01,5.74792,-0.5289,ALERTA: Instabilidade de Fluxo
ESP_05,0.0,3.5355,CRITICO: Queda de Press\u00e3o
ESP_04,0.0,3.5355,CRITICO: Queda de Press\u00e3o
ESP_01,5.739458,-0.5229,ALERTA: Instabilidade de Fluxo
ESP_05,0.0,3.5355,CRITICO: Queda de Press\u00e3o
ESP_04,0.0,3.5355,CRITICO: Queda de Press\u00e3o
ESP_01,5.716729,-0.5068,ALERTA: Instabilidade de Fluxo
ESP_05,0.0,3.5355,CRITICO: Queda de Press\u00e3o
ESP_04,0.0,3.5355,CRITICO: Queda de Press\u00e3o
ESP_01,5.724502,-0.5123,ALERTA: Instabilidade de Fluxo
ESP_05,0.0,3.5355,CRITICO: Queda de Press\u00e3o
ESP_04,0.0,3.5355,CRITICO: Queda de Press\u00e3o
ESP_01,5.716434,-0.5066,ALERTA: Instabilidade de Fluxo
ESP_05,0.0,3.5355,CRITICO: Queda de Press\u00e3o
ESP_04,0.0,3.5355,CRITICO: Queda de Press\u00e3o
ESP_01,5.7553,-0.5341,ALERTA: Instabilidade de Fluxo
ESP_05,0.0,3.5355,CRITICO: Queda de Press\u00e3o
ESP_04,0.0,3.5355,CRITICO: Queda de Press\u00e3o
ESP_01,5.716434,-0.5066,ALERTA: Instabilidade de Fluxo
ESP_05,0.0,3.5355,CRITICO: Queda de Press\u00e3o
ESP_04,0.0,3.5355,CRITICO: Queda de Press\u00e3o
ESP_01,5.740541,-0.5236,ALERTA: Instabilidade de Fluxo
ESP_05,0.0,3.5355,CRITICO: Queda de Press\u00e3o
ESP_04,0.0,3.5355,CRITICO: Queda de Press\u00e3o
ESP_01,5.733259,-0.5185,ALERTA: Instabilidade de Fluxo
ESP_05,0.0,3.5355,CRITICO: Queda de Press\u00e3o
ESP_04,0.0,3.5355,CRITICO: Queda de Press\u00e3o
ESP_01,5.724896,-0.5126,ALERTA: Instabilidade de Fluxo
ESP_05,0.0,3.5355,CRITICO: Queda de Press\u00e3o
ESP_04,0.0,3.5355,CRITICO: Queda de Press\u00e3o
ESP_01,5.71663,-0.5067,ALERTA: Instabilidade de Fluxo
ESP_05,0.0,3.5355,CRITICO: Queda de Press\u00e3o
ESP_04,0.0,3.5355,CRITICO: Queda de Press\u00e3o
ESP_01,5.758251,-0.5362,ALERTA: Instabilidade de Fluxo
ESP_05,0.0,3.5355,CRITICO: Queda de Press\u00e3o
ESP_04,0.0,3.5355,CRITICO: Queda de Press\u00e3o
ESP_01,5.749002,-0.5296,ALERTA: Instabilidade de Fluxo
ESP_05,0.0,3.5355,CRITICO: Queda de Press\u00e3o
ESP_04,0.0,3.5355,CRITICO: Queda de Press\u00e3o
ESP_01,5.742016,-0.5247,ALERTA: Instabilidade de Fluxo
ESP_05,0.0,3.5355,CRITICO: Queda de Press\u00e3o
ESP_04,0.0,3.5355,CRITICO: Queda de Press\u00e3o
ESP_01,5.716335,-0.5065,ALERTA: Instabilidade de Fluxo
ESP_05,0.0,3.5355,CRITICO: Queda de Press\u00e3o
ESP_04,0.0,3.5355,CRITICO: Queda de Press\u00e3o
ESP_01,5.72588,-0.5133,ALERTA: Instabilidade de Fluxo
ESP_05,0.0,3.5355,CRITICO: Queda de Press\u00e3o
ESP_04,0.0,3.5355,CRITICO: Queda de Press\u00e3o
ESP_01,5.71663,-0.5067,ALERTA: Instabilidade de Fluxo
ESP_05,0.0,3.5355,CRITICO: Queda de Press\u00e3o
ESP_04,0.0,3.5355,CRITICO: Queda de Press\u00e3o
ESP_01,5.759629,-0.5371,ALERTA: Instabilidade de Fluxo
ESP_05,0.0,3.5355,CRITICO: Queda de Press\u00e3o
ESP_04,0.0,3.5355,CRITICO: Queda de Press\u00e3o
ESP_01,5.716434,-0.5066,ALERTA: Instabilidade de Fluxo
ESP_05,0.0,3.5355,CRITICO: Queda de Press\u00e3o
ESP_04,0.0,3.5355,CRITICO: Queda de Press\u00e3o
ESP_01,5.742804,-0.5252,ALERTA: Instabilidade de Fluxo
ESP_05,0.0,3.5355,CRITICO: Queda de Press\u00e3o
ESP_04,0.0,3.5355,CRITICO: Queda de Press\u00e3o
ESP_01,5.73562,-0.5202,ALERTA: Instabilidade de Fluxo
ESP_05,0.0,3.5355,CRITICO: Queda de Press\u00e3o
ESP_04,0.0,3.5355,CRITICO: Queda de Press\u00e3o
ESP_01,5.726765,-0.5139,ALERTA: Instabilidade de Fluxo
ESP_05,0.0,3.5355,CRITICO: Queda de Press\u00e3o
ESP_04,0.0,3.5355,CRITICO: Queda de Press\u00e3o
ESP_01,5.719287,-0.5086,ALERTA: Instabilidade de Fluxo
ESP_05,0.0,3.5355,CRITICO: Queda de Press\u00e3o
ESP_04,0.0,3.5355,CRITICO: Queda de Press\u00e3o
ESP_01,5.759727,-0.5372,ALERTA: Instabilidade de Fluxo
ESP_05,0.0,3.5355,CRITICO: Queda de Press\u00e3o
ESP_04,0.0,3.5355,CRITICO: Queda de Press\u00e3o
ESP_01,5.752053,-0.5318,ALERTA: Instabilidade de Fluxo
ESP_05,0.0,3.5355,CRITICO: Queda de Press\u00e3o
ESP_04,0.0,3.5355,CRITICO: Queda de Press\u00e3o
ESP_01,5.745165,-0.5269,ALERTA: Instabilidade de Fluxo
ESP_05,0.0,3.5355,CRITICO: Queda de Press\u00e3o
ESP_04,0.0,3.5355,CRITICO: Queda de Press\u00e3o
ESP_01,5.716827,-0.5069,ALERTA: Instabilidade de Fluxo
ESP_05,0.0,3.5355,CRITICO: Queda de Press\u00e3o
ESP_04,0.0,3.5355,CRITICO: Queda de Press\u00e3o